0;0;0;0;x;x;
1;200;150;200;STORMWIND;x;
2;236;199;116;SEVEN STARS;x;
3;236;212;96;TWO MOONS;x;
4;236;189;96;GREAT DUKER;x;
5;236;152;75;LUL'KAIL;x;
6;34;208;152;GOLDSHIRE;x;
7;139;208;111;NORTHSHIRE;x;
8;231;208;58;NORTHFIELD;x;
9;180;208;58;WESTBROOK;x;
10;238;208;165;SOUTHMEAD;x;
11;133;208;156;STONEFIELD;x;
12;56;208;227;SUNNYGLADE;x;
13;56;208;39;TOWER OF AZORA;x;
14;156;208;41;EASTVALE;x;
15;139;208;122;LONELY TOWER;x;
16;229;208;212;STONECAIRN;x;
17;56;214;71;MOONBROOK;x;
18;92;214;96;SANDFOOT;x;
19;201;214;92;FULBROW;x;
20;208;214;165;MOLSEN;x;
21;66;124;152;LAKESHIRE;x;
22;156;124;58;THREE CORNERS;x;
23;240;124;24;LAKERIDGE;x;
24;107;124;84;ALTHER;x;
25;92;124;96;BLACKROCK PASS;x;
26;236;189;75;THUX TSEX;x;
27;96;214;216;GOLD COAST;x;
28;244;214;43;LONGSHORE;x;
29;176;214;137;SENTINEL HILL;x;
30;171;214;148;DEMONT;x;
31;171;214;216;DUST PLAINS;x;
32;90;214;225;MORTWAKE'S TOWER;x;
33;184;124;152;REDRIDGE CANYONS;x;
34;238;124;161;SHALEWIND;x;
35;238;124;73;GALARDELL;x;
36;116;169;174;HIGHLAND PATH;x;
37;186;34;94;GRAND HAMLET;x;
38;114;34;94;BRIGHTWOOD GROVE;x;
39;56;34;86;TRANQUIL GARDENS;x;
40;75;34;199;RICHGARDEN;x;
41;36;34;176;YORGEN;x;
42;144;34;146;GREAT MOUND;x;
43;152;34;58;ADDLE;x;
44;54;34;58;RAVEN HILL;x;
45;214;34;223;TWILIGHT GROVE;x;
46;69;11;75;KARAZHAN;x;
47;92;11;182;DEADMAN'S PASS;x;
48;236;201;126;GOLDEN STAIR;x;
49;152;11;39;VICE;x;
50;129;234;96;ZUL'GURUB;x;
51;30;234;58;REN'KUNN;x;
52;129;234;208;GOKUNTEA;x;
53;30;234;159;ZUL'MARASH;x;
54;195;234;79;BAMBALA;x;
55;191;234;189;SOUTHREACH;x;
56;45;234;182;OLRIAR;x;
57;96;234;133;KULO'KE;x;
58;227;234;54;ZIATA'JAI;x;
59;71;234;135;BALIA'MAH;x;
60;178;234;96;ZUL'MAMWE;x;
61;54;234;34;ZUL'KUNDA;x;
62;43;234;174;TKASHI;x;
63;86;234;199;KAL'AI;x;
64;154;234;66;BAL'LAL;x;
65;54;234;131;ZUULDAIA;x;
66;231;234;92;MIZJAH;x;
67;180;88;99;NETHER HILL;x;
68;107;88;189;ROCKARD;x;
69;99;88;62;ROSESTONE;x;
70;129;88;135;DREADMAUL;x;
71;43;88;144;AGNEEPATH;x;
72;180;88;152;DUL'ZIN;x;
73;86;88;84;DARK PORTAL;x;
74;167;88;88;XAWIE;x;
75;167;88;171;DEIHSEI;x;
76;111;88;135;SHINDUN;x;
77;118;88;96;XOOJITH;x;
78;204;88;221;BINANU;x;
79;56;88;90;SURWICH;x;
80;180;88;49;DEAD RAVINE;x;
81;88;169;28;ATAL'HAKKAR;x;
82;69;169;75;SPLINTER JUNCTION;x;
83;81;169;249;MISTY VALLEY;x;
84;146;169;47;HARBORAGE;x;
85;231;169;96;STONARD;x;
86;49;169;2;SOUTH SLOUGH;x;
87;49;169;204;NORTH SLOUGH;x;
88;221;169;249;STAGALBOG;x;
89;79;169;186;ROTTEN BEACH;x;
90;84;169;99;MARSHTIDE;x;
91;124;126;129;WILD CAPE;x;
92;231;169;99;SORROWMURK;x;
93;231;169;174;BOGPADDLE;x;
94;124;126;234;SOUTH ISLANDS;x;
95;139;126;159;SUROHI;x;
96;139;126;81;LU'DEI;x;
97;236;126;39;HARDWRENCH;x;
98;32;126;39;NEK'MANI;x;
99;204;126;159;KIHMU;x;
100;66;126;216;VEKRISHE;x;
101;122;126;39;FIKINNUN;x;
102;114;204;62;IRONFORGE;x;
103;73;51;81;BLACKROCK DEPTHS;x;
104;103;51;124;BLACKROCK SPIRE;x;
105;249;51;66;REDHELM;x;
106;156;51;66;REDPATH;x;
107;156;51;131;CAVEFALL;x;
108;41;51;66;CHISELGRIP;x;
109;107;51;62;THAURISSAN;x;
110;107;51;165;HUGDIUHR;x;
111;81;51;66;KHALFOK;x;
112;249;51;133;JOUMINDAN;x;
113;58;51;79;BORUAL;x;
114;208;51;45;OGDERM;x;
115;96;159;69;BHURDAK;x;
116;139;159;17;BLACKCHAR;x;
117;165;159;139;RONDAGG;x;
118;122;159;189;DARRARHOR;x;
119;204;159;144;DOMDITH;x;
120;103;159;161;BRUDARN;x;
121;184;159;79;DROGNUR;x;
122;156;159;86;BHUDANN;x;
123;107;159;131;BRUGODUN;x;
124;90;60;75;OHULDUM;x;
125;156;60;86;TYHMOGER;x;
126;107;60;182;EGUDARM;x;
127;58;60;54;RED DESERT;x;
128;204;60;60;DUSTWIND;x;
129;34;60;47;LETHLOR;x;
130;49;60;11;GUNDORM;x;
131;77;60;150;ERMURN;x;
132;120;204;199;HELM'S BED;x;
133;148;204;133;NORTHGATE;x;
134;109;204;84;GOL'BOLAR;x;
135;165;204;133;AMBERROAD;x;
136;120;204;169;TUNDRID HILLS;x;
137;212;204;180;ICE PASS;x;
138;182;204;90;KHARANOS;x;
139;238;204;34;IRONGATE;x;
140;94;204;180;SHIMMER RIDGE;x;
141;58;204;144;COLDRIDGE PASS;x;
142;182;204;109;ANVILMAR;x;
143;34;204;219;COLDRIDGE VALLEY;x;
144;210;204;88;HIDING VALLEY;x;
145;109;204;191;STORM RAVINE;x;
146;216;204;135;GNOMEREGAN;x;
147;69;204;223;ICEWIND PASS;x;
148;204;204;174;ICEWIND VALLEY;x;
149;126;204;161;NEW TINKERTOWN;x;
150;120;204;101;FROSTMANE;x;
151;103;204;186;FROZEN PASS;x;
152;135;204;94;SOUTH COLDWATER;x;
153;221;204;141;NORTH COLDWATER;x;
154;167;204;131;THELSAMAR;x;
155;197;204;88;STONYGLADE;x;
156;234;204;9;NARROWHILL;x;
157;139;204;118;STONESPLINTER VALLEY;x;
158;79;204;204;HIDDEN RAVINE;x;
159;186;204;214;GREENHILLS;x;
160;223;204;32;STONEWROUGHT DAM;x;
161;148;204;47;VALLEY OF KINGS;x;
162;94;204;131;SILVERSTREAM;x;
163;90;204;171;NORTH CROSSROADS;x;
164;51;204;4;LOCH ISLANDS;x;
165;210;204;199;SOUTHGATE;x;
166;28;54;221;GRIM BATOL;x;
167;71;54;86;WYRM'S BEND;x;
168;71;54;229;WILDPASS;x;
169;240;54;51;VERMILLION;x;
170;154;116;69;TIVERFIL;x;
171;240;116;186;ALBERLIN;x;
172;60;54;176;THUNDERMAR;x;
173;141;54;94;VIRID FOREST;x;
174;47;54;62;RUGGED SLOPES;x;
175;99;54;178;IRON RIDGE;x;
176;114;54;56;THORVALD RAVINE;x;
177;223;54;84;STORM COST;x;
178;105;54;223;THUNDER GROVE;x;
179;225;54;60;WINDWARD HILLS;x;
180;58;54;88;STORMCLAW;x;
181;148;54;150;QUIET HIGHLANDS;x;
182;204;54;195;DUNWALD;x;
183;71;54;182;CRUCIBLE OF TIN;x;
184;201;54;36;VERRALL DELTA;x;
185;105;54;45;SEVERE COAST;x;
186;201;54;118;CAPE OF FIST;x;
187;71;54;64;WILDGULCH;x;
188;114;54;30;WINDWARD SLOPES;x;
189;212;54;212;FLAT SHORE;x;
190;199;54;62;VERDANT FOREST;x;
191;111;54;161;LOOSE CLIFFS;x;
192;234;54;24;VICTOR'S POINT;x;
193;150;54;182;OBSIDIAN HILLS;x;
194;90;54;122;ELEMENTIUM RAVINE;x;
195;208;54;64;DEAD HIGHLANDS;x;
196;77;54;212;LOW ISLANDS;x;
197;116;54;64;SILVERSLOPES;x;
198;176;135;41;MENETHIL HARBOR;x;
199;133;135;182;DUN ALGAZ;x;
200;88;135;49;MOSSHIDE FEN;x;
201;79;135;191;UPLAND FOREST;x;
202;163;135;120;SLABCHISEL'S SURVEY;x;
203;135;135;62;DUN MODR;x;
204;116;135;86;BOGPLAIN;x;
205;159;135;191;DIREFORGE;x;
206;210;135;45;CLIMBHILL;x;
207;161;135;150;EAST FLOODPLAIN;x;
208;41;135;216;WEST FLOODPLAIN;x;
209;174;135;114;SALTSPRAY GLEN;x;
210;77;135;133;NORTH DELTA;x;
211;171;135;171;CENTRAL DELTA;x;
212;144;135;90;SOUTH DELTA;x;
213;62;135;148;ROCKY GORGE;x;
214;109;204;75;HIGHGARDE;x;
215;58;204;189;HIGHPOINT;x;
216;107;146;105;STROMGARDE;x;
217;189;146;141;SOUTH HIGHLANDS;x;
218;90;146;227;OLD GULLY;x;
219;66;146;56;ZOLNANJI;x;
220;99;146;51;GO'SHEK;x;
221;105;75;163;WINDY GLEN;x;
222;223;146;122;DRYHILL;x;
223;66;146;124;DABYRIE;x;
224;178;146;178;NORTHIGHLANDS;x;
225;120;146;195;GREENHILL;x;
226;54;146;139;NORTHREACH;x;
227;39;146;19;NORTHFOLD;x;
228;171;146;182;FALDIR'S COVE;x;
229;197;75;21;WEST COAST;x;
230;129;204;171;VAN'KEIKI;x;
231;105;75;21;EAST COAST;x;
232;165;75;122;HILLSBRAD;x;
233;120;75;34;DURNHOLDE;x;
234;51;75;214;DUN GAROK;x;
235;208;75;137;NETHANDER STEAD;x;
236;246;75;28;EASTPOINT;x;
237;120;75;148;SOUTHSHORE;x;
238;36;75;240;DARROW HILL;x;
239;94;75;186;WESTERN STRAND;x;
240;186;75;77;SOUTHPOINT;x;
241;150;43;165;PURGATION ISLE;x;
242;79;75;11;TARREN MILL;x;
243;69;75;118;ALTERAC;x;
244;111;75;227;ALTERAC VALLEY;x;
245;163;75;176;HEADLAND;x;
246;216;75;36;STRAHNBRAD;x;
247;120;75;96;RAVENHOLDT;x;
248;133;75;92;WINFRIED;x;
249;184;210;47;CHILLWIND PASS;x;
250;191;75;214;DALARAN;x;
251;92;75;86;DALARAN'S HILLS;x;
252;43;43;19;GILNEAS;x;
253;137;30;94;AMBERMILL;x;
254;66;81;71;PELE'AHJIN;x;
255;69;111;199;AERIE PEAK;x;
256;77;111;103;HIRI'WATHA;x;
257;62;111;193;QUEL'DANIL;x;
258;189;111;41;SHADRA'ALOR;x;
259;101;138;26;SWEET RAVINE;x;
260;96;111;201;JINTHA'ALOR;x;
261;96;111;216;ALTAR OF ZUL;x;
262;118;111;77;AGOL'WATHA;x;
263;96;111;86;SKULK ROCK;x;
264;163;111;219;SHAOL'WATHA;x;
265;96;111;62;LOWER JINTHA'ALOR;x;
266;184;111;103;REVANTUSK;x;
267;54;111;201;OVERLOOK CLIFFS;x;
268;163;111;69;SERADANE;x;
269;199;73;178;LORDAERON;x;
270;240;30;62;LORDAMERE;x;
271;103;30;163;FERRY;x;
272;79;30;58;SOUTH TRACT;x;
273;49;30;54;SHADOWFANG;x;
274;62;30;201;PYREWOOD;x;
275;41;43;56;HOTHILLS;x;
276;186;184;92;WHITEPETAL;x;
277;141;30;51;DEEP ELEM;x;
278;219;30;206;OLSENFIELD;x;
279;64;30;122;UNDERNELLY;x;
280;103;30;34;DAWNING ISLES;x;
281;139;30;86;VALGANFIELD;x;
282;45;30;99;NORTH TIDE;x;
283;109;30;28;SKITTERING DARK;x;
284;92;30;178;SHINING STRAND;x;
285;26;43;214;CROWLEY;x;
286;208;43;214;NORTHWOOD;x;
287;21;43;195;HEADLANDS;x;
288;64;43;34;GREYBRIDGE;x;
289;169;43;30;EMBERSTONE;x;
290;152;43;101;HORSELAND;x;
291;156;43;148;ADERIC;x;
292;193;43;99;GALEWATCH;x;
293;133;43;24;ASHBURY;x;
294;251;43;36;BLACKWALD;x;
295;251;43;156;STORMGLEN;x;
296;81;43;15;TEMPREACH;x;
297;148;43;124;KOROTH;x;
298;66;43;124;HAILWOOD;x;
299;197;30;86;GREYMANE;x;
300;197;30;154;DUSKHAVEN;x;
301;182;30;120;ALLENFIELD;x;
302;96;30;154;HAMMONDFIELD;x;
303;41;30;161;HAYWARD;x;
304;171;71;26;BRILL;x;
305;99;73;178;NIGHTMARE VALE;x;
306;120;73;73;SOLLIDEN;x;
307;77;73;90;AGAMAND;x;
308;103;71;231;DEATHKNELL;x;
309;216;71;182;WHISPERING GARDENS;x;
310;139;71;182;VENOMWEB;x;
311;15;71;242;BALNIR;x;
312;17;71;41;BASTION;x;
313;69;71;26;NORTH COAST;x;
314;236;152;86;MISTFALL;x;
315;58;210;41;ANDORHAL;x;
316;159;210;206;WINDSWEPT;x;
317;159;210;41;CABINWOOD;x;
318;58;210;184;GAHRRON;x;
319;131;210;137;SORROW HILL;x;
320;244;138;26;CAER DARROW;x;
321;99;210;86;HEARTHGLEN;x;
322;208;210;56;HEARTHGLEN WAY;x;
323;58;210;56;NORTHRIDGE;x;
324;238;178;15;STRATHOLME;x;
325;231;178;45;DARROWSHIRE;x;
326;180;178;47;HIGH THONDRORIL;x;
327;88;178;111;LOWER THONDRORIL;x;
328;64;178;221;MARRIS;x;
329;71;178;99;CROWNVALE;x;
330;180;178;214;FIR VALLEY;x;
331;71;178;161;BLACKWOOD;x;
332;156;178;73;CORIN'S CROSSING;x;
333;184;178;54;NORTHDALE;x;
334;58;178;43;NORTHPASS;x;
335;236;184;92;JIN YANG;x;
336;4;178;240;TYR'S HAND;x;
337;69;178;193;LIGHT'S HOPE;x;
338;231;178;34;OLD GLADE;x;
339;32;178;101;NEW AVALON;x;
340;28;178;212;HAVENSHIRE;x;
341;88;178;17;HASIC;x;
342;227;178;197;BORDIUM;x;
343;169;178;66;BRIGHTDALE;x;
344;246;174;17;SILVERMOON;x;
345;15;127;131;TRANQUILLIEN;x;
346;234;111;34;GOLDENMIST;x;
347;137;111;137;AN'DAROTH;x;
348;156;111;214;ELRENDAR CROSSING;x;
349;41;111;56;WINDRUNNER;x;
350;71;111;201;SILVERFURY;x;
351;208;111;146;UNDERLIGHT;x;
352;169;111;79;GHOST FOREST;x;
353;225;111;51;REST HOLLOW;x;
354;58;178;240;THALASSIAN PASS;x;
355;159;178;69;QUEL'LITHIEN;x;
356;21;127;30;ANDILIEN ESTATE;x;
357;186;111;77;SANCTUM OF THE SUN;x;
358;45;111;60;FARSTRIDER ENCLAVE;x;
359;92;127;39;HATCHET HILLS;x;
360;49;111;227;AMANI PASS;x;
361;49;81;64;AKIL'ZON;x;
362;49;81;114;NALORAKK;x;
363;178;81;184;JAN'ALAI;x;
364;178;81;64;HALAZZI;x;
365;169;174;150;TOR'WATHA;x;
366;58;127;206;ELRENDAR COAST;x;
367;152;174;229;ZEB'WATHA;x;
368;114;174;161;EAST SANCTUM;x;
369;161;174;21;RUNESTONE'S VALLEY;x;
370;36;174;244;FAIRBREEZE;x;
371;216;174;66;SUNSAIL ANCHORAGE;x;
372;15;174;131;GOLDENBOUGH PASS;x;
373;167;174;227;TRANQUIL SHORE;x;
374;34;174;79;GOLDEN STRAND;x;
375;105;174;180;FALCONWING SQUARE;x;
376;182;174;32;NORTH SANCTUM;x;
377;146;174;39;STILLWHISPER POND;x;
378;163;174;184;DUSKWITHER RAVINE;x;
379;231;174;208;DAWNING LANE;x;
380;152;174;66;SUNSTRIDER ISLE;x;
381;231;174;69;FALTHRIEN;x;
382;236;184;144;TU SHEN;x;
383;236;152;126;GUO-LAI;x;
384;193;152;126;SHAO-TIEN;x;
385;236;111;49;WINTERBOUGH;x;
386;236;238;126;SETTING SUN;x;
387;236;152;49;SUNBLOSSOM;x;
388;246;101;159;ENDLESS SPRING;x;
389;246;170;159;HUNDRED STEPS;x;
390;246;139;159;SPRING ROAD;x;
391;246;99;159;LEG-ZAOL;x;
392;212;126;90;XUEN;x;
393;212;75;90;TIGER WAY;x;
394;17;240;122;SUNWELL PLATEAU;x;
395;54;240;19;SUN'S REACH;x;
396;176;240;135;DAWNSTAR;x;
397;246;240;146;MAGISTERS' TERRACE;x;
398;161;240;19;GREENGILL;x;
399;234;240;227;SAT'THEAS;x;
400;135;126;245;LOCH VERRALL;x;
401;28;105;191;THE LOCH;x;
402;180;231;129;THONDRORIL RIVER;x;
403;180;146;129;THONDRORIL RIVER;x;
404;152;195;214;THONDRORIL RIVER;x;
405;28;208;139;THONDRORIL RIVER;x;
406;152;195;174;THONDRORIL RIVER;x;
407;28;161;191;THONDRORIL RIVER;x;
408;28;208;191;DARROWMERE LAKE;x;
409;28;156;178;DARROWMERE LAKE;x;
410;92;156;197;DARROWMERE LAKE;x;
411;105;156;152;LORDAMERE LAKE;x;
412;135;139;156;LORDAMERE LAKE;x;
413;135;195;135;LORDAMERE LAKE;x;
414;180;227;186;NORTHGATE RIVER;x;
415;180;227;255;NORTHGATE RIVER;x;
416;94;180;231;NORTHGATE RIVER;x;
417;10;180;184;LAKE ELRENDAR;x;
418;10;250;184;LAKE ELRENDAR;x;
419;10;199;240;NORTH ELRENDAR RIVER;x;
420;10;199;131;NORTH ELRENDAR RIVER;x;
421;79;192;174;NORTH ELRENDAR RIVER;x;
422;10;221;184;SOUTH ELRENDAR RIVER;x;
423;129;163;184;SOUTH ELRENDAR RIVER;x;
424;129;195;161;SOUTH ELRENDAR RIVER;x;
425;167;144;161;SOUTH ELRENDAR RIVER;x;
426;47;191;245;STONECAIRN LAKE;x;
427;109;176;167;POOL OF TEARS;x;
428;178;206;250;LAKE;x;
429;122;250;250;LONGSHORE;x;
430;122;131;250;LONGSHORE;x;
431;13;250;199;LONGSHORE;x;
432;47;88;133;STORMWIND'S SHORE;x;
433;64;84;135;SAVAGE COAST;x;
434;64;120;135;VILE REEF;x;
435;64;159;229;NAZFERITI MOUTH;x;
436;152;84;225;SOUTH SAVAGE COAST;x;
437;39;84;225;SOUTH SAVAGE COAST;x;
438;212;126;122;YINYING;x;
439;39;15;139;WILD SHORE;x;
440;41;49;171;CRYSTAL SHORE;x;
441;41;126;171;RED REACHES;x;
442;41;126;96;RED REACHES;x;
443;13;118;212;SHATTERSHORE;x;
444;47;161;141;MISTY REED STRAND;x;
445;47;84;141;MISTY REED STRAND;x;
446;47;84;191;FORBIDDING SEA;x;
447;47;156;191;FORBIDDING SEA;x;
448;47;156;107;FORBIDDING SEA;x;
449;47;49;191;HIGHBANK;x;
450;146;182;192;HIGHBANK;x;
451;10;88;250;HIGHBANK;x;
452;10;154;250;SLITHERING COVE;x;
453;120;186;250;HIGHBANK;x;
454;120;105;250;HIGHBANK;x;
455;178;170;250;HIGHBANK;x;
456;58;170;250;HIGHBANK;x;
457;10;201;250;THANDOL SPAN;x;
458;10;111;250;OVERLOOK CLIFFS;x;
459;10;56;250;OVERLOOK CLIFFS;x;
460;107;71;250;OVERLOOK CLIFFS;x;
461;107;156;250;AVALON'S COAST;x;
462;168;196;250;AVALON'S COAST;x;
463;73;196;250;AVALON'S COAST;x;
464;212;159;122;YONGQI;x;
465;55;148;189;AMANI COAST;x;
466;17;88;167;AMANI COAST;x;
467;120;88;167;AMANI COAST;x;
468;43;88;167;AMANI COAST;x;
469;0;112;212;AZUREBREEZE COAST;x;
470;110;135;156;AZUREBREEZE COAST;x;
471;157;192;223;TRANQUIL SHORE;x;
472;79;192;223;TRANQUIL SHORE;x;
473;131;124;176;SHIL-QEM;x;
474;47;25;182;TRANQUIL SHORE;x;
475;21;199;176;TRANQUIL SHORE;x;
476;109;94;249;GREENGILL COAST;x;
477;86;118;146;GREENGILL COAST;x;
478;151;180;170;BINAN;x;
479;38;168;191;GREENGILL COAST;x;
480;151;124;170;JADE CARP;x;
481;62;144;167;GREENGILL COAST;x;
482;75;199;133;GOLDEN STRAND;x;
483;21;96;236;SHALANDIS COAST;x;
484;21;28;236;SHALANDIS COAST;x;
485;6;7;62;NORTH COAST;x;
486;103;106;182;NORTH COAST;x;
487;171;106;182;NORTH COAST;x;
488;90;106;182;NORTH COAST;x;
489;32;146;182;NORTH COAST;x;
490;41;40;167;NORTH TIDE;x;
491;131;131;193;NORTH TIDE;x;
492;180;131;193;NORTH TIDE;x;
493;51;124;250;GALEWATCH COAST;x;
494;10;171;250;GALEWATCH COAST;x;
495;83;97;144;GALEWATCH COAST;x;
496;32;97;144;DUSKMIST SHORE;x;
497;124;141;255;DUSKMIST SHORE;x;
498;30;24;118;BARADIN BAY;x;
499;151;212;170;INKGILL;x;
500;10;178;250;HILLSBRAD STRAND;x;
501;13;118;154;HILLSBRAD STRAND;x;
502;90;212;170;WATERSPEAK;x;
503;47;161;182;DROWNED REEF;x;
504;47;105;182;LOST FLEET;x;
505;10;219;169;MENETHIL BAY;x;
506;151;159;170;MUSKPAW;x;
507;212;159;170;AUBURN BLUFFS;x;
508;182;159;122;RUQIN;x;
509;182;159;170;HAK'SHIX;x;
510;81;141;236;BARADIN BAY;x;
511;105;142;201;CRESTFALL'S COAST;x;
512;182;137;170;CHOW;x;
513;124;141;159;GREAT SEA;x;
514;32;141;159;TIRASSIAN COAST;x;
515;32;84;159;TIRASSIAN COAST;x;
516;71;51;114;TIRASSIAN COAST;x;
517;6;51;141;TIRASSIAN COAST;x;
518;6;111;178;TIRASSIAN COAST;x;
519;21;26;111;TIRASSIAN COAST;x;
520;6;36;178;NORTH SEA;x;
521;47;88;178;GREAT SEA;x;
522;47;88;255;GREAT SEA;x;
523;21;75;111;BALOR'S COAST;x;
524;60;75;79;BALOR'S COAST;x;
525;9;163;255;BALOR'S COAST;x;
526;131;146;131;FIREBOUGH;x;
527;182;94;170;MOGUJIA;x;
528;141;186;245;VERRALL RIVER;x;
529;214;118;245;VERRALL RIVER;x;
530;135;156;245;VERRALL RIVER;x;
531;28;208;245;VERRALL RIVER;x;
532;28;126;245;VERRALL RIVER;x;
533;75;199;176;SHALANDIS COAST;x;
534;182;94;96;ORDO;x;
535;182;94;131;AUGUST GATE;x;
536;161;154;120;KUN;x;
537;182;124;210;BAZAAR;x;
538;56;105;131;BURLAP;x;
539;105;109;210;ONE KEG;x;
540;111;150;131;RUR QUG;x;
541;56;150;131;EAST BROKETOOTH;x;
542;56;105;79;WEST BROKETOOTH;x;
543;56;150;92;KNUCKLETHUMP;x;
544;56;116;92;DOOKER DOME;x;
545;56;161;133;KUKER HILL;x;
546;152;165;210;HOWLINGWIND;x;
547;161;75;120;SHADO-LI;x;
548;86;124;60;KOTA PEAK;x;
549;161;131;120;KOTA HILLS;x;
550;191;238;161;WINTERBLOSSOM;x;
551;191;238;225;OX GATE;x;
552;118;128;163;LUSHAT LAN;x;
553;152;109;210;KEN-THAL;x;
554;107;101;161;SEEKER'S POINT;x;
555;191;156;161;SEEKER'S FOLLY;x;
556;191;112;124;NEVEREST;x;
557;148;156;161;CLOUDSTRIKE;x;
558;88;156;161;SOO-JIN;x;
559;111;54;54;YOJAMBA ISLE;x;
560;216;191;10;MOUNT KAJARO;x;
561;180;159;153;BILGEWATER;x;
562;180;107;153;GALLYWIX;x;
563;62;92;51;KAJAMINE;x;
564;180;107;103;LOOSEFEET;x;
565;180;92;184;EDJ;x;
566;180;92;116;SPEEDWAY;x;
567;180;107;28;VOODRESS;x;
568;180;51;111;PICKTWEAK;x;
569;16;75;139;VOLCANOTH'S ISLE;x;
570;116;75;139;WILD ISLE;x;
571;161;101;101;FIZZSPARK;x;
572;161;73;137;MUDBOOT;x;
573;174;174;174;OOMSK;x;
574;174;139;174;OORZZ;x;
575;67;101;101;HOZU-MOZU;x;
576;116;174;174;BANANA FOREST;x;
577;87;26;204;VASHJ'IR;x;
578;71;21;111;VASHJ'IR;x;
579;15;26;204;VASHJ'IR;x;
580;127;33;204;VASHJ'IR;x;
581;148;133;204;VASHJ'IR;x;
582;88;103;81;ZHAOH'TEM;x;
583;19;12;94;VASHJ'IR;x;
584;56;56;141;SOUTH SEA;x;
585;56;118;165;SOUTH SEA;x;
586;56;60;165;SOUTH SEA;x;
587;56;118;141;SOUTH SEA;x;
588;152;107;225;SOUTH SEA;x;
589;30;107;96;SOUTH SEA;x;
590;169;74;186;CRANEWING;x;
591;152;169;225;SOUTH SEA;x;
592;103;107;225;SOUTH SEA;x;
593;75;176;165;SOUTH SEA;x;
594;30;107;225;SOUTH SEA;x;
595;146;79;165;SOUTH SEA;x;
596;81;79;165;SOUTH SEA;x;
597;81;39;165;SOUTH SEA;x;
598;146;39;165;SOUTH SEA;x;
599;35;22;174;SOUTH SEA;x;
600;99;99;133;SOUTH SEA;x;
601;99;163;133;SOUTH SEA;x;
602;25;163;133;SOUTH SEA;x;
603;138;135;169;SOUTH SEA;x;
604;88;103;167;FALLINGBLOSSOM;x;
605;116;22;88;SOUTH SEA;x;
606;116;22;169;SOUTH SEA;x;
607;34;22;169;SOUTH SEA;x;
608;25;106;133;SOUTH SEA;x;
609;175;181;227;SOUTH SEA;x;
610;43;181;227;SOUTH SEA;x;
611;129;176;171;SOUTH SEA;x;
612;103;176;79;SOUTH SEA;x;
613;103;176;165;SOUTH SEA;x;
614;103;144;114;SOUTH SEA;x;
615;107;167;84;JEH'SED;x;
616;74;126;99;SOUTH SEA;x;
617;122;126;159;SOUTH SEA;x;
618;171;163;133;SOUTH SEA;x;
619;171;163;186;SOUTH SEA;x;
620;79;163;186;SOUTH SEA;x;
621;56;181;141;SOUTH SEA;x;
622;156;181;141;SOUTH SEA;x;
623;56;103;141;SOUTH SEA;x;
624;156;103;141;SOUTH SEA;x;
625;120;141;141;SOUTH SEA;x;
626;56;103;227;SOUTH SEA;x;
627;56;181;227;SOUTH SEA;x;
628;120;90;141;SOUTH SEA;x;
629;25;90;73;SOUTH SEA;x;
630;25;43;133;SOUTH SEA;x;
631;25;90;141;SOUTH SEA;x;
632;56;103;150;SOUTH SEA;x;
633;56;26;150;SOUTH SEA;x;
634;114;103;88;SOUTH SEA;x;
635;114;103;144;SOUTH SEA;x;
636;56;103;88;SOUTH SEA;x;
637;34;103;144;SOUTH SEA;x;
638;105;129;144;GREAT SEA;x;
639;32;51;144;GREAT SEA;x;
640;19;30;84;SOUTH SEA;x;
641;105;51;144;SOUTH SEA;x;
642;109;60;165;SOUTH SEA;x;
643;126;26;71;VASHJ'IR;x;
644;39;88;152;CRANE CAVE;x;
645;56;75;96;FAERSETON;x;
646;99;75;169;DANDRED;x;
647;109;30;69;WHISPERING FOREST;x;
648;120;73;109;GLISTENING SHORE;x;
649;107;88;84;OX'TIGAR;x;
650;107;214;148;KUN-LAI COAST;x;
651;107;214;75;DRAGON NEST;x;
652;236;238;225;SNOWBLOSSOM;x;
653;199;197;191;CRYSTAL LAKE;x;
654;163;184;216;MIRROR LAKE;x;
655;189;195;191;ZUL'GURUB BASIN;x;
656;199;204;206;SURWICH INLET;x;
657;212;204;231;LAKE EVERSTILL;x;
658;178;191;229;LAKE;x;
659;186;208;186;LAKE;x;
660;189;221;178;MOSSHIDE FEN;x;
661;184;178;236;LAKE;x;
662;107;163;219;LAKE;x;
663;103;159;180;LAKE;x;
664;111;135;186;LAKE;x;
665;122;227;201;VOLORWIND LAKE;x;
666;197;221;229;LAKE;x;
667;58;148;174;LAKE;x;
668;214;204;195;LAKE;x;
669;197;231;199;LAKE;x;
670;107;137;11;ZOUCHIN;x;
671;186;212;208;LAKE;x;
672;150;165;244;STILLWATER POND;x;
673;92;107;216;BRIGHTWATER LAKE;x;
674;197;236;197;LAKE;x;
675;169;210;219;BLACKWOOD LAKE;x;
676;214;227;234;LAKE MERELDAR;x;
677;206;229;169;HEALTHY LAKE;x;
678;105;191;191;LAKE;x;
679;197;206;176;LAKE;x;
680;107;156;174;LAKE;x;
681;129;199;197;LAKE;x;
682;156;186;227;LAKE;x;
683;154;161;201;LAKE;x;
684;135;118;189;LAKE;x;
685;159;249;178;LAKE;x;
686;79;71;120;REDWING;x;
687;114;71;120;NAYEL;x;
688;169;71;86;KEA KRAK;x;
689;95;129;32;MAISARA HILLS;x;
690;49;47;92;ULA-TEK;x;
691;49;123;92;GREENRUSH;x;
692;199;178;186;ZUL'MASHAR;x;
693;116;118;92;ABASSI COAST;x;
694;42;86;109;ABASSI LAKE;x;
695;158;210;215;ICECROWN;x;
696;39;62;54;UTGARDE;x;
697;39;62;0;HALGRIND;x;
698;73;62;0;EMBER CLUTCH;x;
699;0;62;58;NEW AGAMAND;x;
700;0;62;0;SHIELD HILL;x;
701;94;62;54;GRARLAND;x;
702;75;62;54;WYRMSKULL COAST;x;
703;69;99;54;KAMAGUA;x;
704;69;56;54;ISKAAL;x;
705;88;56;54;SCALAWAG POINT;x;
706;0;62;43;SORLOF'S STRAND;x;
707;129;62;114;NIFFLEVAR;x;
708;90;62;86;BEALGUN;x;
709;90;62;43;EASTERN CAPE;x;
710;21;62;43;IVALD;x;
711;118;62;43;BALEHEIM;x;
712;81;62;114;BLEEDING VALE;x;
713;86;150;77;GIANTS RUN;x;
714;86;150;114;CAULDROS ISLE;x;
715;41;150;77;GLADE FOREST;x;
716;129;120;21;WINTERHOOF;x;
717;62;126;107;BROKEN BLUFFS;x;
718;90;109;71;GJALERBRON;x;
719;66;120;81;RIVENWOOD;x;
720;126;109;71;STEELGATE;x;
721;66;120;21;SKORN;x;
722;126;77;71;CHILLMERE;x;
723;186;199;197;CAULDROS LAKE;x;
724;101;199;197;WINTER'S BREATH LAKE;x;
725;101;156;197;COLDMERE LAKE;x;
726;101;167;197;CREEK RIVER;x;
727;141;156;197;CREEK RIVER;x;
728;159;199;197;LAKE;x;
729;66;118;131;VENTURE BAY;x;
730;66;73;131;BLACKRIVER;x;
731;150;145;52;DRAK'ZIN;x;
732;113;111;39;ZEB'HALAK;x;
733;51;111;39;SILVERBROOK;x;
734;120;111;39;BLUEDOME;x;
735;66;161;105;AMBERPINE;x;
736;66;161;71;VOLDRUNE;x;
737;131;122;161;GRIZZLEMAW;x;
738;66;122;161;RAGE FANG;x;
739;73;120;101;HEARTBLOOD;x;
740;169;122;161;ONEQWAH;x;
741;96;122;2;SOLSTICE;x;
742;34;64;92;HOLLOWSTONE;x;
743;34;146;92;DRAK'ATAL;x;
744;114;111;39;URSDEN;x;
745;84;174;2;DRAKIL'JIN;x;
746;34;122;2;TETHYS;x;
747;34;122;47;BLOODMOON ISLE;x;
748;66;64;92;THOR MODAN;x;
749;114;64;92;BOULDER HILLS;x;
750;73;62;101;DUN ARGOL;x;
751;163;255;255;LAKE;x;
752;163;195;255;LAKE;x;
753;123;147;156;LAKE;x;
754;75;0;79;GUNDRAK;x;
755;75;69;79;ZOL'HEB;x;
756;66;122;21;DUBRA'JIN;x;
757;75;129;79;ZOL'MAZ;x;
758;75;99;79;MAM'TOTH;x;
759;122;84;21;RHUNOK;x;
760;161;122;21;DRAK'MABWA;x;
761;122;122;21;ZIM'RHUK;x;
762;216;69;79;HARKOA;x;
763;17;101;79;QUETZ'LUN;x;
764;231;101;79;ZIM'TORGA;x;
765;191;99;79;HEB'DRAKKAR;x;
766;54;116;107;DRAK'THARON;x;
767;231;24;90;DRAKURU;x;
768;133;64;107;RAGECLAW;x;
769;167;179;111;LOW FIELDS;x;
770;231;179;111;CHAGA'JIN;x;
771;133;92;43;DRAK'SOTRA;x;
772;133;64;43;ZIM'ABWA;x;
773;88;64;79;DRAKKARI ARENA;x;
774;133;64;146;HEB'VALOK;x;
775;36;126;43;SSERATUS;x;
776;26;156;154;RAGECLAW LAKE;x;
777;124;86;13;WYRMREST;x;
778;195;171;28;MAGNADOTH;x;
779;69;34;99;GALAKROND;x;
780;124;34;13;MAGNADON;x;
781;47;34;126;CRYSTAL VICE;x;
782;96;131;126;MAGUTA;x;
783;150;34;126;DRAGON'S FALL;x;
784;0;34;120;COLDWIND;x;
785;199;126;104;ICEMIST;x;
786;62;71;73;ICEJAIL;x;
787;255;19;41;TAUTAU;x;
788;199;176;169;HAMON;x;
789;124;86;88;MOA'KI;x;
790;199;86;88;INDU'LE;x;
791;62;86;88;SNOWFALL;x;
792;133;114;75;OGHIT;x;
793;171;34;47;RUBY;x;
794;124;92;201;AZURE;x;
795;11;92;0;EMERALD;x;
796;204;214;137;BRONZE;x;
797;64;15;6;OBSIDIAN;x;
798;195;122;126;WINTERGARDE;x;
799;195;54;84;CARRION;x;
800;195;126;13;BUDUR;x;
801;195;126;103;TON'CROA;x;
802;195;86;13;NOKE'ROA;x;
803;195;28;13;ELDRITCH;x;
804;195;171;84;JINTHA'KALAR;x;
805;195;122;84;CLADURK;x;
806;231;133;96;FROSTFATE;x;
807;77;116;208;LAKE INDU'LE;x;
808;30;116;208;DRAK'MAR LAKE;x;
809;30;71;208;DRAGONSPINE TRIBUTARY;x;
810;30;135;180;DRAGONSPINE TRIBUTARY;x;
811;30;39;180;DRAGONSPINE TRIBUTARY;x;
812;17;39;180;LUMBERJACK RIVER;x;
813;86;111;180;LUMBERJACK RIVER;x;
814;106;137;223;LUMBERJACK LAKE;x;
815;141;191;238;DAGGERCAP BAY;x;
816;141;156;238;DAGGERCAP BAY;x;
817;146;71;120;STRAND OF ANCIENTS;x;
818;146;51;56;MIGHTSTONE;x;
819;79;86;56;BLOODSPORE;x;
820;79;133;56;NASAM;x;
821;79;133;109;BERYL;x;
822;135;133;56;ECH'NUS;x;
823;109;66;129;FARSHIRE;x;
824;62;66;129;NASAMSAND;x;
825;135;84;56;RANDLISH;x;
826;135;84;135;RIPLASH;x;
827;120;116;144;AMBER LEDGE;x;
828;120;47;62;KUM'UYA;x;
829;66;116;225;LAKE KUM'UYA;x;
830;64;116;144;COLDROCK;x;
831;17;71;225;LAKE;x;
832;111;84;21;NJORD;x;
833;133;126;99;ABANREACH;x;
834;111;47;21;UNU'PE;x;
835;120;86;56;LELE;x;
836;144;86;56;BARUN;x;
837;231;129;69;HOTFIELD;x;
838;199;146;78;SCALPOOL;x;
839;176;129;69;SPRINGSTEAM;x;
840;159;58;63;MAGMOTH;x;
841;64;116;66;STEELJAW;x;
842;116;84;92;ELDRA'NATH;x;
843;116;84;36;WINRET;x;
844;116;51;36;WINTERFIN;x;
845;131;131;30;EN'KILAH;x;
846;184;97;63;TAUNKA'LE;x;
847;219;131;30;FROZEN REACH;x;
848;219;88;63;COLDWALL;x;
849;116;51;81;COLDARRA;x;
850;17;208;225;STEAM SPRINGS;x;
851;17;208;148;STEAM SPRINGS;x;
852;17;99;148;WINTERGRASP RIVER;x;
853;17;99;99;FRENZYHEART RIVER;x;
854;17;60;99;RAINSPEAKER RAPIDS;x;
855;17;60;167;BITTERTIDE LAKE;x;
856;17;60;212;SEABREACH FLOW;x;
857;17;150;212;RIVER'S HEART;x;
858;135;131;90;ULDUAR;x;
859;169;129;86;MARISTA;x;
860;114;71;86;UNGA INGOO;x;
861;169;131;126;DOMINANCE;x;
862;169;99;126;CRO'AKA;x;
863;48;60;152;DOJAN;x;
864;133;66;92;IAHIENAL;x;
865;30;101;54;SHEN-ZIN;x;
866;66;66;92;ZABANA;x;
867;66;182;92;KWEGSQOA;x;
868;107;79;66;TUNKA'LO;x;
869;111;34;90;NIDAVELIR;x;
870;135;66;90;SNOWDRIFT;x;
871;99;66;90;BOULDERCRAG;x;
872;54;81;90;VALKYRION;x;
873;54;81;58;ROHEMDAL;x;
874;92;45;58;BOR'S BREATH;x;
875;54;45;58;FROSTHOLD;x;
876;79;171;109;FOOT STEPPES;x;
877;178;171;109;ARRA;x;
878;49;103;58;SNOWBLIND;x;
879;49;103;109;RICKET;x;
880;49;47;109;GARM;x;
881;214;101;51;BRUNNHILDAR;x;
882;107;47;109;SIFRELDAR;x;
883;107;131;66;WINTER VALLEY;x;
884;107;79;150;DUN NIFFELEM;x;
885;107;146;193;FROSTFIELD;x;
886;111;152;141;THUNDERFALL;x;
887;107;101;116;FJORN;x;
888;137;161;51;RAINSPEAKER;x;
889;137;116;51;WILDGROWTH;x;
890;28;159;107;WINTERGROWTH;x;
891;28;116;49;FRENZYHEART;x;
892;75;116;49;SAPPHIRE HIVE;x;
893;28;227;51;NOZRONN;x;
894;28;135;51;KARTAK;x;
895;28;227;107;WAYGATE;x;
896;15;120;90;KRONDOL;x;
897;120;90;24;NESINGWARY;x;
898;15;169;45;GORL'RO;x;
899;64;120;51;SPLURSH;x;
900;64;120;90;SPEARBORN;x;
901;137;161;99;BONEFIELDS;x;
902;137;227;51;RAINCOAST;x;
903;28;176;81;GLUMR;x;
904;60;84;47;STORMWRIGHT;x;
905;60;84;92;SPLURMURSLR;x;
906;60;114;17;GURGRL;x;
907;39;131;126;ANGRATHAR;x;
908;113;146;94;VILEHOLD;x;
909;83;129;150;SELFORS;x;
910;113;176;204;BERUFELL;x;
911;113;146;204;HOSKULDSAR;x;
912;83;105;150;HUSNAR;x;
913;47;97;176;AN'MARKUS;x;
914;94;97;176;GUODALIR;x;
915;75;97;135;SKALMARNES;x;
916;114;97;135;SILENTREACH;x;
917;139;129;150;ALDUR'THAR;x;
918;84;92;204;NARFEYRI;x;
919;84;141;204;KORI;x;
920;99;129;150;ICE VALLEY;x;
921;161;94;120;BALARGARDE;x;
922;161;94;204;NJORNDAR;x;
923;161;141;204;HELGAFJALL;x;
924;99;94;120;FERSTIKLA;x;
925;113;146;137;YMIRHEIM;x;
926;58;129;150;HOLMSLATR;x;
927;188;188;17;JAHAQUA;x;
928;188;144;17;MYEHONA;x;
929;188;122;17;FORLORN;x;
930;188;88;17;ASSMEL;x;
931;28;86;161;DECREPIT FLOW;x;
932;83;121;161;MIRROR OF TWILIGHT;x;
933;30;62;54;ANGLERWHARF;x;
934;30;62;94;NARSONG;x;
935;94;62;94;SARJUN;x;
936;48;100;152;THUNDERCLEFT;x;
937;107;101;54;KRASARANG;x;
938;107;131;116;BAYMOUTH;x;
939;74;90;80;HIGHCALERE;x;
940;39;131;116;COBLIN;x;
941;39;99;116;GARHILL;x;
942;39;69;116;NORTHCAPE;x;
943;107;156;174;OIL LAKES;x;
944;34;146;96;JI'KALAK;x;
945;103;129;186;HIL'DOR;x;
946;103;66;94;BATTOK'ALOR;x;
947;103;129;94;AISZUL'DO;x;
948;163;165;231;TINKERBOOM;x;
949;119;36;121;DRAGON ISLES;x;
950;229;165;231;WRENCHPORT;x;
951;114;90;141;KHAGRIHM;x;
952;114;154;141;CROWGATE;x;
953;182;111;107;BLACK COAST;x;
954;135;39;51;GLAIVE ISLE;x;
955;184;39;51;MOUTH OF DRAGON;x;
956;171;141;141;GREAT SEA;x;
957;152;141;141;GREAT SEA;x;
958;73;141;141;GREAT SEA;x;
959;242;141;141;GREAT SEA;x;
960;165;141;141;GREAT SEA;x;
961;84;141;141;GREAT SEA;x;
962;141;141;141;GREAT SEA;x;
963;141;90;141;GREAT SEA;x;
964;141;39;141;GREAT SEA;x;
965;141;182;141;GREAT SEA;x;
966;141;212;141;GREAT SEA;x;
967;141;242;141;GREAT SEA;x;
968;141;114;141;GREAT SEA;x;
969;141;2;141;GREAT SEA;x;
970;141;30;141;GREAT SEA;x;
971;99;30;141;GREAT SEA;x;
972;36;30;141;GREAT SEA;x;
973;6;30;141;GREAT SEA;x;
974;244;30;141;GREAT SEA;x;
975;189;30;141;GREAT SEA;x;
976;141;141;212;GREAT SEA;x;
977;141;141;236;GREAT SEA;x;
978;141;141;176;GREAT SEA;x;
979;141;141;88;GREAT SEA;x;
980;141;141;146;GREAT SEA;x;
981;141;141;94;GREAT SEA;x;
982;141;141;39;GREAT SEA;x;
983;141;141;0;GREAT SEA;x;
984;141;141;195;GREAT SEA;x;
985;36;47;212;GREAT SEA;x;
986;36;139;212;GREAT SEA;x;
987;36;208;212;GREAT SEA;x;
988;36;208;124;GREAT SEA;x;
989;36;114;212;GREAT SEA;x;
990;36;114;101;GREAT SEA;x;
991;36;45;101;GREAT SEA;x;
992;118;45;101;GREAT SEA;x;
993;116;22;17;GREAT SEA;x;
994;116;163;169;GREAT SEA;x;
995;116;163;216;GREAT SEA;x;
996;201;163;216;GREAT SEA;x;
997;34;41;144;SOUTH SEA;x;
998;201;163;135;SOUTH SEA;x;
999;169;94;144;SOUTH SEA;x;
1000;118;163;135;SOUTH SEA;x;
1001;118;216;191;SOUTH SEA;x;
1002;90;163;133;SOUTH SEA;x;
1003;90;111;133;SOUTH SEA;x;
1004;69;109;174;GREAT SEA;x;
1005;141;141;223;GREAT SEA;x;
1006;73;30;141;GREAT SEA;x;
1007;36;107;124;GREAT SEA;x;
1008;150;126;156;AHN'KAHET;x;
1009;191;73;156;CISHA'ZUS;x;
1010;141;73;156;EN'REKAN;x;
1011;107;73;156;CRALMAR;x;
1012;107;111;156;CHA'DRAKH;x;
1013;191;163;156;HADRONOX'ZIN;x;
1014;191;126;156;NURJAK;x;
1015;191;107;156;BROOD PIT;x;
1016;107;107;156;KRAL'ROX;x;
1017;47;107;156;SERJESHAIK;x;
1018;47;54;64;SUT'RASHIN;x;
1019;47;86;64;EN'NERUB;x;
1020;47;45;64;KHULJIL;x;
1021;47;45;118;GAERZOS;x;
1022;47;96;77;KRAT'REN;x;
1023;47;96;118;MUSHVAR;x;
1024;214;62;223;GRAIS'TOLIS;x;
1025;161;62;223;HAID'RIX;x;
1026;114;62;223;YIMOK'AIR;x;
1027;114;116;223;EN'KERAH;x;
1028;150;156;150;SIZOL'RAR;x;
1029;150;105;150;GAK'USIL;x;
1030;150;58;150;ANUB'DAHAK;x;
1031;150;62;223;STONE PIT;x;
1032;150;62;109;HISE'ZIR;x;
1033;105;62;109;LOST CITY;x;
1034;193;62;58;BLOODGROUND;x;
1035;193;109;58;KRAK'THOL;x;
1036;193;109;92;YULANUL;x;
1037;193;45;92;NISNAT;x;
1038;193;116;62;ABYSSHARD;x;
1039;193;105;21;KRESHALAN;x;
1040;193;45;21;KIL'TAL;x;
1041;193;13;21;HOTWAY;x;
1042;193;13;62;CANDLE PASS;x;
1043;193;66;92;DISEASE COAST;x;
1044;249;66;92;TROGG BURROWS;x;
1045;193;21;92;CRYING SHORE;x;
1046;118;21;92;KHAINIS;x;
1047;118;21;36;CRIMSON CITY;x;
1048;81;66;92;BARAVAR;x;
1049;81;66;141;DUN GLADE;x;
1050;156;66;141;GIANT TABLE;x;
1051;201;21;36;QUIET PLATEAU;x;
1052;201;111;36;WAXMINE;x;
1053;171;131;81;DOORWARD;x;
1054;171;41;26;AMBERSTAND;x;
1055;171;96;26;LOWGARDEN;x;
1056;244;96;26;DUN BARAN;x;
1057;244;137;92;GRIVIN;x;
1058;244;124;56;GOLDABAR;x;
1059;244;225;146;AURUM HALLS;x;
1060;244;225;56;GOLGOBAR;x;
1061;193;137;92;DIANA'S TEARS;x;
1062;135;165;47;BOK'KNOCK;x;
1063;221;165;47;KRIJEN;x;
1064;135;105;47;DUST WALLEY;x;
1065;135;54;47;GORLOGOR;x;
1066;103;120;101;ASJAVOLLR;x;
1067;84;54;101;EARTHQUAKER;x;
1068;135;54;101;GRAVE RIVER;x;
1069;193;165;47;DRYEARTH;x;
1070;135;135;47;VORDRASSIL'ARIN;x;
1071;135;107;47;URSOLAK;x;
1072;24;165;47;DIAMOND COAST;x;
1073;24;116;47;MOSSY FOREST;x;
1074;111;116;45;EMERALD GROVE;x;
1075;77;165;47;GREEN CAPE;x;
1076;24;116;101;BALD CAPE;x;
1077;189;165;47;SHARP LEDGES;x;
1078;189;165;114;DRY SHORE;x;
1079;94;120;114;STRONGKEEP;x;
1080;94;165;114;STONEFALL;x;
1081;139;120;114;STONEGATE;x;
1082;77;26;111;YOGG'KHALIA;x;
1083;77;75;111;GHUR'KNOCK;x;
1084;34;75;111;FAR'RUM;x;
1085;34;32;111;SURS'NOX;x;
1086;150;62;120;NAZ'ANAK;x;
1087;92;99;120;EBON DEPTHS;x;
1088;92;43;120;SARONITE WAY;x;
1089;101;184;163;ZEB'REDAR;x;
1090;51;184;163;WEB'ANAR;x;
1091;161;184;163;GRI'KILAH;x;
1092;107;214;163;AIKOR'REKAN;x;
1093;150;184;223;DUSTY ISLAND;x;
1094;47;135;163;NUMESNIL;x;
1095;21;66;223;WHISP RIFT;x;
1096;101;66;223;YUL'TOMAS;x;
1097;101;131;223;CRYSTAL PEAKS;x;
1098;101;184;223;SPIDER WAY;x;
1099;88;66;223;HAVEN'VERIL;x;
1100;116;66;103;ROCKY CAPE;x;
1101;129;13;54;HOLLOW EARTH;x;
1102;92;43;54;CANDLE PLAINS;x;
1103;92;30;54;MADNESS PASS;x;
1104;92;13;54;RATLING PENINSULA;x;
1105;101;86;88;KHUSRUR;x;
1106;92;86;54;DUN ANKOR;x;
1107;62;86;54;SPIDER BRIDGE;x;
1108;150;126;223;KAZRA'DRAK;x;
1109;99;126;223;DEMONEYE;x;
1110;150;71;223;AN'LAKON;x;
1111;35;66;182;TRARIT'ZIX;x;
1112;35;109;182;ANGATHAR;x;
1113;35;164;182;MAELDAR;x;
1114;35;66;103;MUSHGURD;x;
1115;24;111;124;NOR'KILOGG;x;
1116;24;148;124;NIARDUK;x;
1117;96;148;124;ZARJASUX;x;
1118;35;131;103;UMBABU;x;
1119;107;111;141;CRIMSON LAKE;x;
1120;169;111;141;BLOODTEARS LAKE;x;
1121;154;111;141;TROGG LAKE;x;
1122;96;105;255;SWAMP;x;
1123;96;11;255;SWAMP;x;
1124;30;11;255;SWAMP;x;
1125;30;208;255;SWAMP;x;
1126;30;208;148;DIAMOND LAKE;x;
1127;30;208;116;EMERALD LAKE;x;
1128;45;49;67;BOUNDLESS REACH;x;
1129;18;35;57;DARK ABYSS;x;
1130;38;19;19;THIN ABYSS;x;
1131;22;16;37;SHADOW ABYSS;x;
1132;40;38;27;GREAT ABYSS;x;
1133;29;16;57;SERPENTINE ABYSS;x;
1134;56;30;13;SHATTERED ABYSS;x;
1135;49;8;22;FORGOTTEN ABYSS;x;
1136;40;16;35;DEVOURING ABYSS;x;
1137;30;24;56;FORBIDDEN ABYSS;x;
1138;101;135;36;ZHU;x;
1139;204;170;33;OGUDEI;x;
1140;30;135;36;ZHU'S DESCENT;x;
1141;190;234;249;ICE RIDGE;x;
1142;30;178;36;LION COVE;x;
1143;234;201;108;WORLD'S PRECIPICE;x;
1144;237;143;151;EANORAH;x;
1145;131;156;90;KORJA;x;
1146;169;156;126;BLACKSAND;x;
1147;210;148;112;FALLSONG;x;
1148;169;94;126;DAWNCHASER;x;
1149;210;194;112;HORUKUT;x;
1150;131;96;90;GORAI-DOAN;x;
1151;180;67;223;ABSORBING SCAR;x;
1152;53;156;83;DISTORTING SCARS;x;
1153;233;156;151;DEEP SCAR;x;
1154;92;111;107;ULGRAK;x;
1155;225;141;58;JUNKWATT;x;
1156;236;212;126;MOGU'SHAN;x;
1157;210;122;81;RUSTBOLT;x;
1158;129;184;58;SCRAPBONE;x;
1159;137;103;116;GRUM;x;
1160;76;156;116;SHIPWRECK;x;
1161;150;161;161;WINTERGRASP;x;
1162;51;118;161;SUNKEN RING;x;
1163;24;96;161;EASTSPARK;x;
1164;11;161;161;BROKEN TEMPLE;x;
1165;11;124;161;CHILLED QUAGMIRE;x;
1166;107;137;135;BLACKMANE;x;
1167;107;84;11;CHICH-RAL'TAN;x;
1168;154;84;11;BREK'SHAIM;x;
1169;189;84;129;SHANGO'ALOR;x;
1170;163;137;11;WHISPERCLOUD;x;
1171;107;77;135;MAKER'S PERCH;x;
1172;107;178;135;NALAK'SHA;x;
1173;141;238;165;KORUNE;x;
1174;236;238;165;KARDAK'AHAR;x;
1175;141;208;39;MOGU'GAR;x;
1176;141;36;39;THAR-DAR;x;
1177;141;124;39;WESTERNFOG;x;
1178;84;169;123;MANTI'VESS;x;
1179;84;103;66;KA'DIXXAT;x;
1180;132;141;176;STINGING TRAIL;x;
1181;58;129;109;SONG-HUN;x;
1182;201;146;56;SHEK'ZEER;x;
1183;201;146;93;KARANOSH;x;
1184;201;109;56;ILIKKAX;x;
1185;35;146;84;KOR'VESS;x;
1186;35;71;84;RIKKILEA;x;
1187;35;114;122;BREWGARDEN;x;
1188;193;88;56;ZAN'VESS;x;
1189;132;64;114;HUKKIR'LAM;x;
1190;132;88;56;VE'KAM;x;
1191;201;184;93;KYPARI ZAR;x;
1192;201;111;93;KYPARI IK;x;
1193;122;184;93;MAZU;x;
1194;103;77;33;SOGGY;x;
1195;62;77;33;KZA'VEXXI;x;
1196;156;77;33;STAR PLAINS;x;
1197;84;73;99;KLAXXI'VESS;x;
1198;201;109;133;WRITHINGWOOD;x;
1199;147;128;174;KAIN-QUD;x;
1200;101;152;139;GURTHAN;x;
1201;176;84;56;KYPARI VOR;x;
1202;107;36;124;NIUZAO;x;
1203;66;36;124;SRA'THIK;x;
1204;124;26;41;ZHAL'MAR;x;
1205;118;86;124;VITHURAK;x;
1206;159;86;124;JU'MAN;x;
1207;216;26;176;SRA'VESS;x;
1208;124;26;176;KZZOK;x;
1209;124;26;105;IKZ'KA;x;
1210;216;26;90;SHAN'ZE DAO;x;
1211;135;26;90;DAO'SHAN;x;
1212;176;26;90;GO'LAO;x;
1213;148;36;124;SIK'VESS;x;
1214;208;36;124;RENSAI;x;
1215;208;36;79;UNDERBOUGH;x;
1216;169;73;39;PALEWIND;x;
1217;114;43;39;GAO-RAN;x;
1218;178;43;39;DAMPSOIL;x;
1219;178;66;39;DUSKLIGHT;x;
1220;84;36;39;BATAAR;x;
1221;178;118;39;BURILGI;x;
1222;131;73;39;LONGYING;x;
1223;96;36;39;OSUL;x;
1224;163;36;39;GAI-CHO;x;
1225;238;36;39;KRI'VESS;x;
1226;208;36;39;DEADTALKER;x;
1227;35;49;122;AMBERMARSH;x;
1228;35;90;122;XOM JUCH;x;
1229;180;71;77;LEI SHEN;x;
1230;180;135;77;VAN ZHU'NOD;x;
1231;180;81;77;DRAOM TAESH;x;
1232;180;81;109;SOSLIG REN;x;
1233;86;141;139;DIREMOOR;x;
1234;86;101;103;BLEAK HOLLOW;x;
1235;111;81;180;FAUK'SHED BOD;x;
1236;86;63;139;WILDVINE;x;
1237;141;101;103;SHADEWOOD;x;
1238;41;81;180;ZA'TUAL;x;
1239;81;81;180;IHGALUK;x;
1240;34;124;39;YU'LON;x;
1241;184;73;109;JADEHEART;x;
1242;180;73;43;SHADYBRANCH;x;
1243;180;36;43;FOXGROVE;x;
1244;180;90;109;ORCHID;x;
1245;208;73;90;SHANGVALE;x;
1246;231;152;54;DAWNBLOSSOM;x;
1247;152;122;56;SILKWOOD;x;
1248;152;122;99;SERPENTHILL;x;
1249;34;88;99;ARBORETUM;x;
1250;96;62;54;GREENSTONE;x;
1251;163;178;92;JADESHAPE;x;
1252;231;81;54;YOUNG-SOO;x;
1253;163;105;92;YUZHAO;x;
1254;86;178;92;SRI-LA;x;
1255;56;152;109;PEARLFIN;x;
1256;56;152;54;AMBERFLY;x;
1257;56;120;54;MOONWATER;x;
1258;165;152;109;SLINGTAIL;x;
1259;43;99;109;BAMBOOWILD;x;
1260;56;86;109;SAKURAI;x;
1261;56;114;109;PAW'DON;x;
1262;197;204;58;VERIDIAN;x;
1263;56;204;58;WAYWARD;x;
1264;118;99;58;TWINSPIRE;x;
1265;56;64;109;GORMAL;x;
1266;96;105;54;NECTARBREEZE;x;
1267;107;240;109;CHO;x;
1268;141;64;109;THUNDERWOOD;x;
1269;156;58;20;CHUN TIAN;x;
1270;156;58;163;THUNDERPAW;x;
1271;23;146;77;MEI LI-SA;x;
1272;23;58;20;WAXWOOD;x;
1273;231;118;171;HONEYDEW;x;
1274;86;201;73;SPIRITSONG;x;
1275;69;171;58;THUNDERHOLD;x;
1276;231;118;62;FERTILE COPSE;x;
1277;231;77;103;SWIRLWIND;x;
1278;231;54;62;ENLIGHTENMENT;x;
1279;150;47;96;TIGERSWOOD;x;
1280;231;54;154;EXCLAMATION;x;
1281;56;84;161;GROOKIN;x;
1282;31;46;88;DOOKIN;x;
1283;219;46;88;JADE JUNGLE;x;
1284;129;46;88;JADE OVERLOOK;x;
1285;56;152;161;JADE AERIE;x;
1286;81;122;99;FOREST HEART;x;
1287;110;165;134;GONG OF HOPE;x;
1288;49;165;134;CHI HU'ANDI;x;
1289;231;103;54;WINDWARD;x;
1290;231;141;54;SLITHERSCALE;x;
1291;176;108;41;SUNGLIDE;x;
1292;34;109;39;WINDSPIRE;x;
1293;29;114;55;TEN THUNDERS;x;
1294;49;189;92;TIDEVIEW;x;
1295;49;114;92;GAN SHI;x;
1296;49;66;92;LOSTWOODS;x;
1297;204;199;33;HALFHILL;x;
1298;204;225;33;VERDANT BELT;x;
1299;234;242;33;HEARTLAND;x;
1300;204;242;33;GAI LAN;x;
1301;165;201;33;THIEFPLAIN;x;
1302;124;201;33;STORMSTOUT;x;
1303;62;146;33;STONEPLOW;x;
1304;90;146;33;TORJARI;x;
1305;62;114;33;DUSTBACK;x;
1306;98;176;52;PAOQUAN;x;
1307;62;111;33;SINGMARSHES;x;
1308;159;111;33;SKYRANGE;x;
1309;159;64;33;KUNZEN;x;
1310;204;39;64;NEW CIFERA;x;
1311;135;39;64;KROSH;x;
1312;169;39;64;SPRINGTAIL;x;
1313;234;201;33;CATTAIL;x;
1314;204;118;33;THUNDERFOOT;x;
1315;204;101;33;SHEEPFIELD;x;
1316;204;186;33;SHANG;x;
1317;204;88;33;GRASSYCLINE;x;
1318;204;54;33;SUNSOAK;x;
1319;204;21;90;SILKENFIELD;x;
1320;204;114;33;SALYIN;x;
1321;204;146;33;VERMING;x;
1322;90;90;81;WINDEDGE;x;
1323;90;114;81;SAURHOLLOW;x;
1324;169;156;186;CHI-JI;x;
1325;116;60;152;DEEPWILD;x;
1326;47;154;245;NAZFERITI RIVER;x;
1327;92;114;245;NAZFERITI RIVER;x;
1328;114;165;245;NAZFERITI RIVER;x;
1329;129;174;245;NAZFERITI RIVER;x;
1330;156;210;245;NAZFERITI RIVER;x;
1331;176;227;245;NAZFERITI RIVER;x;
1332;156;103;245;NAZFERITI RIVER;x;
1333;133;150;245;NAZFERITI RIVER;x;
1334;167;171;245;NAZFERITI RIVER;x;
1335;206;206;245;NAZFERITI RIVER;x;
1336;118;206;245;LAKE NAZFERITI;x;
1337;176;146;245;NAZFERITI RIVER;x;
1338;77;114;178;NORTH SEA;x;
1339;77;62;178;NORTH SEA;x;
1340;21;114;178;NORTH SEA;x;
1341;21;62;178;NORTH SEA;x;
1342;21;144;141;NORTH SEA;x;
1343;21;118;227;NORTH SEA;x;
1344;114;114;178;NORTH SEA;x;
1345;21;101;141;NORTH SEA;x;
1346;21;176;141;NORTH SEA;x;
1347;21;118;92;NORTH SEA;x;
1348;94;118;92;NORTH SEA;x;
1349;49;90;165;NORTH SEA;x;
1350;49;118;165;NORTH SEA;x;
1351;114;99;178;SOUTH SEAS;x;
1352;180;99;178;SOUTH SEAS;x;
1353;197;146;77;SOUTH SEAS;x;
1354;60;124;182;SOUTH SEAS;x;
1355;223;21;81;SOUTH SEAS;x;
1356;81;81;223;SOUTH SEAS;x;
1357;36;201;107;SOUTH SEAS;x;
1358;36;148;107;SOUTH SEAS;x;
1359;36;81;107;SOUTH SEAS;x;
1360;167;124;182;SOUTH SEAS;x;
1361;223;21;206;SOUTH SEAS;x;
1362;36;88;182;SOUTH SEAS;x;
1363;36;201;182;SOUTH SEAS;x;
1364;36;148;178;SOUTH SEAS;x;
1365;56;84;227;SOUTH SEAS;x;
1366;56;139;227;SOUTH SEAS;x;
1367;86;66;141;SOUTH SEAS;x;
1368;81;165;141;SOUTH SEAS;x;
1369;81;66;77;SOUTH SEAS;x;
1370;81;114;141;SOUTH SEAS;x;
1371;60;124;99;SOUTH SEAS;x;
1372;90;169;184;SOUTH SEAS;x;
1373;90;94;184;SOUTH SEAS;x;
1374;90;156;184;SOUTH SEAS;x;
1375;180;99;92;SOUTH SEAS;x;
1376;180;58;92;SOUTH SEAS;x;
1377;148;69;189;SOUTH SEAS;x;
1378;148;156;184;SOUTH SEAS;x;
1379;81;216;229;SOUTH SEAS;x;
1380;77;43;122;SOUTH SEAS;x;
1381;90;208;109;SOUTH SEAS;x;
1382;148;186;99;SOUTH SEAS;x;
1383;148;81;99;SOUTH SEAS;x;
1384;148;124;99;SOUTH SEAS;x;
1385;154;141;216;MISTVEIL SEA;x;
1386;81;139;229;MISTVEIL SEA;x;
1387;81;193;229;MISTVEIL SEA;x;
1388;81;193;184;MISTVEIL SEA;x;
1389;81;124;184;MISTVEIL SEA;x;
1390;81;51;216;MISTVEIL SEA;x;
1391;81;124;216;MISTVEIL SEA;x;
1392;154;114;231;MISTVEIL SEA;x;
1393;81;124;126;MISTVEIL SEA;x;
1394;189;208;189;SLICKY STREAM;x;
1395;120;208;189;SLICKY STREAM;x;
1396;120;141;189;SLICKY STREAM;x;
1397;189;116;133;SLICKY STREAM;x;
1398;189;208;133;SLICKY STREAM;x;
1399;120;39;99;SLICKY STREAM;x;
1400;120;39;189;PEARL LAKE;x;
1401;146;148;208;SPIRITSONG LAKE;x;
1402;197;141;182;LAKE KITTITATA;x;
1403;92;73;109;LAKE;x;
1404;81;191;180;LAKE;x;
1405;81;43;180;LAKE;x;
1406;81;139;180;LAKE;x;
1407;81;43;109;LAKE;x;
1408;86;114;231;UNCHARTED SEA;x;
1409;81;182;195;UNCHARTED SEA;x;
1410;197;94;182;UNCHARTED SEA;x;
1411;34;114;231;UNCHARTED SEA;x;
1412;81;182;141;UNCHARTED SEA;x;
1413;81;182;223;UNCHARTED SEA;x;
1414;81;126;161;NARSONG TRENCH;x;
1415;81;210;161;NARSONG TRENCH;x;
1416;96;133;219;SARJUN DEPTHS;x;
1417;90;168;206;NAYELI LAGOON;x;
1418;71;133;163;NAYELI LAGOON;x;
1419;54;101;124;NAYELI LAGOON;x;
1420;32;133;219;NAYELI LAGOON;x;
1421;144;149;204;NAYELI LAGOON;x;
1422;79;149;114;NAYELI LAGOON;x;
1423;182;133;219;NAYELI LAGOON;x;
1424;150;182;182;DOJANI RIVER;x;
1425;150;122;182;KRASARANG RIVER;x;
1426;150;122;107;KRASARANG RIVER;x;
1427;88;118;182;KRASARANG RIVER;x;
1428;90;126;152;YAN-ZHE RIVER;x;
1429;90;94;152;YAN-ZHE RIVER;x;
1430;43;118;182;YAN-ZHE RIVER;x;
1431;43;159;182;YAN-ZHE RIVER;x;
1432;43;90;182;YAN-ZHE RIVER;x;
1433;169;184;182;YAN-ZHE RIVER;x;
1434;169;184;225;GILDING STREAM;x;
1435;169;79;152;GILDED FAN;x;
1436;169;126;152;CATTAIL LAKE;x;
1437;169;79;225;POOLS;x;
1438;146;148;109;INKGILL MERE;x;
1439;187;168;154;LAKE;x;
1440;146;114;244;LAKE;x;
1441;146;212;244;LAKE;x;
1442;146;148;244;LAKE;x;
1443;79;124;124;WHITEPETAL LAKE;x;
1444;116;182;182;POOLS OF POWER;x;
1445;43;182;182;LEI SHI;x;
1446;79;101;156;LAKE;x;
1447;79;51;156;LAKE;x;
1448;79;51;124;LAKE;x;
1449;79;51;227;LAKE;x;
1450;79;101;208;LAKE;x;
1451;187;101;154;LAKE;x;
1452;79;51;206;LAKE OF STARS;x;
1453;187;168;244;MARSH;x;
1454;189;182;201;GOKK'LOK SHALLOWS;x;
1455;189;116;201;GOKK'LOK SHALLOWS;x;
1456;60;149;204;SHELF OF MAZU;x;
1457;189;105;204;SHELF OF MAZU;x;
1458;116;105;204;SHELF OF MAZU;x;
1459;54;105;90;SHELF OF MAZU;x;
1460;54;54;176;MUCKSCALE SHALLOWS;x;
1461;54;105;204;MUCKSCALE SHALLOWS;x;
1462;54;54;90;MUCKSCALE SHALLOWS;x;
1463;54;146;176;GOKK'LOK SHALLOWS;x;
1464;165;146;99;WESTERSEA;x;
1465;69;146;99;WESTERSEA;x;
1466;152;69;49;WESTERSEA;x;
1467;148;186;189;WESTERSEA;x;
1468;69;90;111;WESTERSEA;x;
1469;66;69;111;WESTERSEA;x;
1470;66;135;111;WESTERSEA;x;
1471;62;69;49;WESTERSEA;x;
1472;156;135;111;WESTERSEA;x;
1473;165;146;176;WESTERSEA;x;
1474;152;69;111;WESTERSEA;x;
1475;199;146;176;WESTERSEA;x;
1476;79;156;184;WESTERSEA;x;
1477;137;79;176;WESTERSEA;x;
1478;73;146;176;WESTERSEA;x;
1479;73;79;176;WESTERSEA;x;
1480;69;146;191;WESTERSEA;x;
1481;142;156;112;WESTERSEA;x;
1482;89;99;71;WESTERSEA;x;
1483;21;176;201;NORTH SEA;x;
1484;21;176;227;NORTH SEA;x;
1485;49;45;165;NORTH SEA;x;
1486;146;116;255;NORTH SEA;x;
1487;146;116;148;NORTH SEA;x;
1488;21;120;227;FROZEN SEA;x;
1489;88;120;227;FROZEN SEA;x;
1490;114;152;227;FROZEN SEA;x;
1491;56;152;227;FROZEN SEA;x;
1492;130;176;176;FROZEN SEA;x;
1493;146;79;148;FROZEN SEA;x;
1494;96;116;148;FROZEN SEA;x;
1495;96;79;148;FROZEN SEA;x;
1496;60;99;156;FROZEN SEA;x;
1497;60;147;156;FROZEN SEA;x;
1498;114;152;156;FROZEN SEA;x;
1499;57;91;227;FROZEN SEA;x;
1500;28;116;169;FROZEN SEA;x;
1501;28;116;101;FROZEN SEA;x;
1502;146;171;252;FROZEN SEA;x;
1503;60;116;126;FROZEN SEA;x;
1504;96;116;189;FROZEN SEA;x;
1505;130;176;227;FROZEN SEA;x;
1506;130;92;99;FROZEN SEA;x;
1507;130;92;180;FROZEN SEA;x;
1508;130;149;180;FROZEN SEA;x;
1509;85;111;180;FROZEN SEA;x;
1510;49;92;180;FROZEN SEA;x;
1511;49;92;107;FROZEN SEA;x;
1512;88;92;107;FROZENSEA;x;
1513;88;139;137;MOA'KI HARBOR;x;
1514;141;139;137;KILI'UA'S ATOLL;x;
1515;141;156;214;COLDWIND BAY;x;
1516;141;94;214;FROZEN SEA;x;
1517;141;126;214;FROZEN SEA;x;
1518;81;126;214;FROZEN SEA;x;
1519;118;126;214;FROZEN SEA;x;
1520;96;126;214;STRAIT OF COLDARRA;x;
1521;52;126;214;GLIMMER BAY;x;
1522;52;137;214;FROZEN SEA;x;
1523;52;178;214;FROZEN SEA;x;
1524;52;217;214;SEABREACH COAST;x;
1525;122;217;215;SEABREACH COAST;x;
1526;122;236;215;SEABREACH COAST;x;
1527;122;247;215;COAST OF CONQUESTS;x;
1528;122;247;192;OIL BAY;x;
1529;191;247;192;COAST OF CONQUESTS;x;
1530;221;247;192;COAST OF CONQUESTS;x;
1531;154;247;192;COAST OF CONQUESTS;x;
1532;154;247;118;COAST OF CONQUESTS;x;
1533;122;141;215;ONSLAUGHT BAY;x;
1534;122;122;174;NORTH SEA;x;
1535;122;72;174;NORTH SEA;x;
1536;71;72;174;NORTH SEA;x;
1537;95;72;116;HROTHGAR PASS;x;
1538;95;72;174;HROTHGAR PASS;x;
1539;95;128;159;HROTHGAR PASS;x;
1540;95;128;83;HROTHGAR PASS;x;
1541;95;128;129;HROTHGAR PASS;x;
1542;33;72;174;NORTH SEA;x;
1543;98;119;174;NORTH SEA;x;
1544;34;119;174;NORTH SEA;x;
1545;90;119;174;NORTH SEA;x;
1546;159;119;174;NORTH SEA;x;
1547;103;167;174;NORTH SEA;x;
1548;103;107;101;NORTH SEA;x;
1549;103;107;180;NORTH SEA;x;
1550;30;107;180;NORTH SEA;x;
1551;30;54;180;NORTH SEA;x;
1552;118;54;180;NORTH SEA;x;
1553;30;141;180;NORTH SEA;x;
1554;30;77;180;NORTH SEA;x;
1555;21;131;176;NORTH SEA;x;
1556;21;77;176;NORTH SEA;x;
1557;116;77;166;NORTH SEA;x;
1558;21;77;166;NORTH SEA;x;
1559;234;109;124;RAMKAHEN;x;
1560;255;28;71;NEFERSET;x;
1561;255;212;88;TOL'NARIV;x;
1562;186;212;88;DULIZED;x;
1563;195;126;88;SUNSTONE;x;
1564;138;96;89;KHARTUT;x;
1565;138;146;89;NAHOM;x;
1566;90;96;89;TAMMANO;x;
1567;141;184;131;AKHENET;x;
1568;234;171;124;MAR'AT;x;
1569;160;96;75;MUR KAHLDUR;x;
1570;234;109;73;TAHRET;x;
1571;234;184;131;PHEDATHI;x;
1572;135;109;124;SAHKET;x;
1573;135;191;124;HELHUVIP;x;
1574;116;171;124;ORSIS;x;
1575;165;107;124;AMMON;x;
1576;54;71;94;TA-KEMET;x;
1577;64;107;124;AN'BARHAN;x;
1578;39;171;124;KHINTASET;x;
1579;64;60;124;VIR'SAR;x;
1580;99;109;73;MOONSUPH;x;
1581;103;60;124;AAMSK;x;
1582;255;28;26;SOUTH WIND;x;
1583;124;28;26;KUBITIS;x;
1584;154;0;71;SUNWATCHER;x;
1585;124;92;26;SUNSUPH;x;
1586;255;124;88;ASOVA;x;
1587;255;58;71;HAMATEP;x;
1588;255;137;135;OORF;x;
1589;84;116;116;MOUNT AKHER;x;
1590;41;116;116;MOUNT RADEN;x;
1591;148;94;0;ZUL'FARRAK;x;
1592;236;229;0;GADGETZAN;x;
1593;227;186;0;WATERSPRING;x;
1594;208;152;118;SANDSNIPE;x;
1595;208;109;118;WAVESTRIDER;x;
1596;208;152;0;NOONSHADE;x;
1597;195;189;0;SANDSORROW;x;
1598;195;101;0;WAG'TAN;x;
1599;236;229;148;NOXIOUS;x;
1600;255;163;81;DUNEMAUL;x;
1601;255;163;195;CAVERNS OF TIME;x;
1602;255;163;129;VOLUND;x;
1603;214;79;0;RNIASASS;x;
1604;167;162;105;JAG'TAR;x;
1605;182;163;79;NVIAMAS;x;
1606;182;163;129;SOUTHBREAK;x;
1607;114;79;0;ALLAEIS;x;
1608;195;84;92;THISTLESHRUB;x;
1609;201;219;193;ULDUM;x;
1610;141;135;0;SOUTHMOON;x;
1611;227;135;0;EASTMOON;x;
1612;45;166;52;ZALMEA;x;
1613;90;38;216;AHN'QIRAJ;x;
1614;129;66;197;MURCEVIN;x;
1615;86;115;225;STAGHELM;x;
1616;208;60;197;VALOR;x;
1617;102;72;141;HIVE'ASHI;x;
1618;58;72;141;CRYSTALVALE;x;
1619;56;39;77;ISHRAK;x;
1620;109;21;69;HIVE'ZORA;x;
1621;156;49;135;WATERSCAR;x;
1622;96;66;152;SCARAB WALL;x;
1623;96;66;221;HAASRA;x;
1624;45;31;103;ASHAKX;x;
1625;111;31;103;HIVE'REGAL;x;
1626;208;101;197;XERNANNOSS;x;
1627;129;101;197;SOUTHWIND;x;
1628;41;38;216;SKEREZZIZ;x;
1629;56;127;216;TUG'RANN;x;
1630;129;127;216;KAG'RAM;x;
1631;0;161;84;ELDRE'THALAS;x;
1632;0;193;154;AVALUNE;x;
1633;0;105;84;WARPWOOD;x;
1634;114;105;84;DUMONT;x;
1635;0;84;106;ESTULAN;x;
1636;0;86;77;ISHELEAN;x;
1637;81;81;51;FRAYFEATHER;x;
1638;0;129;51;ISILDIEN;x;
1639;86;84;106;ELUNAR;x;
1640;114;184;80;SARDOR;x;
1641;43;184;129;WYHELLY;x;
1642;34;167;41;RAVENWIND;x;
1643;34;69;80;ATAYA;x;
1644;49;120;80;ONEIROS;x;
1645;107;120;80;FEHIS;x;
1646;101;69;80;ESOSSA;x;
1647;189;167;41;EL'DRATIR;x;
1648;76;138;75;MOJACHE;x;
1649;39;138;37;PHE'LLU;x;
1650;79;144;9;LARISS;x;
1651;87;184;9;CIFONILL;x;
1652;0;75;37;WOODPAW;x;
1653;39;75;37;SHADEBOUGH;x;
1654;0;41;37;DARKMIST;x;
1655;50;81;131;EMYILOND;x;
1656;124;81;131;ASANNAES;x;
1657;92;103;37;ARNLUMA;x;
1658;167;186;67;SKYPEAK;x;
1659;174;36;4;E'THOK;x;
1660;148;36;45;WHITEREACH;x;
1661;131;0;30;WAHKAN;x;
1662;99;36;45;HIGHPERCH;x;
1663;54;0;49;DARKCLOUD;x;
1664;124;43;88;SEGENAM;x;
1665;122;71;9;SPLITHOOF;x;
1666;163;30;9;FREEWIND;x;
1667;103;30;9;WINDBREAK;x;
1668;103;69;9;IRONSTONE;x;
1669;197;0;30;MIRAGE;x;
1670;120;88;30;WEAZEL;x;
1671;120;43;30;RUSTMAUL;x;
1672;197;109;58;TAHONDA;x;
1673;146;17;58;SALTYSAND;x;
1674;118;66;84;SHOBASSA;x;
1675;58;66;84;KRAGRAK;x;
1676;236;101;84;CANDLEGOR;x;
1677;137;32;121;SUN AERIE;x;
1678;137;95;121;BULWARK;x;
1679;189;95;121;JAMBA'RRAK;x;
1680;189;132;124;MARAUDON;x;
1681;189;154;149;DHEZGIH;x;
1682;189;183;149;GELKIS;x;
1683;133;183;149;SAR'THERIS;x;
1684;98;183;126;SHADOWPREY;x;
1685;214;183;116;MANNOROC;x;
1686;246;183;86;DHURRAH;x;
1687;246;206;192;KORMEK;x;
1688;193;206;192;KHELNIN;x;
1689;120;128;150;MAGRAM;x;
1690;229;184;182;SHADOWBREAK;x;
1691;193;206;242;SHIRRES;x;
1692;120;184;150;KOLKAR;x;
1693;92;152;110;SARGERON;x;
1694;152;94;110;NIJEL;x;
1695;135;94;110;TETHRIS ARAN;x;
1696;96;94;110;THUNDER AXE;x;
1697;51;94;110;RHUHNAS;x;
1698;152;159;135;ETHEL RETHOR;x;
1699;62;159;135;RANAZJAR;x;
1700;214;99;58;ORGRIMMAR;x;
1701;146;99;58;SPIRITVALE;x;
1702;148;56;90;ROCKTUSK;x;
1703;105;86;23;BLADEFIST;x;
1704;229;26;0;RAZOR HILL;x;
1705;133;24;17;DRYGULCH;x;
1706;186;66;62;THUNDERWISH;x;
1707;122;66;0;BLACKBLOOD;x;
1708;193;66;0;RAZORMANE;x;
1709;182;54;0;SARKOTH;x;
1710;182;106;0;BLADESCAR;x;
1711;126;26;0;SEN'JIN;x;
1712;126;73;0;SOUTHWATCH;x;
1713;126;174;0;GERUZH;x;
1714;146;189;58;ECHO ISLE;x;
1715;206;189;58;SPITESCALE;x;
1716;206;114;58;BLOODTALON;x;
1717;141;150;128;CROSSROADS;x;
1718;141;101;128;GOLD ROAD;x;
1719;219;188;154;RATCHET;x;
1720;92;150;128;THORN HILL;x;
1721;171;133;156;SHEHRAS;x;
1722;129;133;156;LUSHWATER;x;
1723;88;133;156;WAILING;x;
1724;146;90;62;DREADMIST;x;
1725;34;56;62;DRY HILLS;x;
1726;118;90;62;DAZGOK;x;
1727;204;135;62;DEADLOCK;x;
1728;146;56;62;MOR'SHAN;x;
1729;146;36;62;GROL'DOM;x;
1730;131;141;62;CHANLELLE;x;
1731;79;103;62;TULGAM;x;
1732;84;36;62;SOUTHFURY;x;
1733;96;141;62;STONE HILL;x;
1734;152;112;65;TAURAJO;x;
1735;73;68;39;AGAMA'GOR;x;
1736;120;112;65;BRAMBLESCAR;x;
1737;210;197;90;WUDOTTA;x;
1738;210;154;90;BATTLESCAR;x;
1739;124;75;42;DOWNS;x;
1740;184;111;42;QUILDOWN;x;
1741;184;75;42;RAZORFEN;x;
1742;210;131;90;BLACKTHORN;x;
1743;210;159;42;BAEL'DUN;x;
1744;184;148;42;SPEARHEAD;x;
1745;129;75;42;AGAMAGAR;x;
1746;174;41;42;BRAMBLEBLADE;x;
1747;81;112;65;NITTAWOSEW;x;
1748;141;79;65;NORTHWATCH;x;
1749;92;79;65;HUNGOZH;x;
1750;169;116;65;FRAY;x;
1751;216;210;238;THUNDER BLUFF;x;
1752;216;184;238;SEQUOIA;x;
1753;216;184;163;SOYALA;x;
1754;159;184;163;SHUMAN;x;
1755;159;124;150;NARACHE;x;
1756;114;101;150;FARGAZE;x;
1757;120;124;150;BATTLEBOAR;x;
1758;60;161;126;PALEMANE;x;
1759;43;105;84;THUNDERHORN;x;
1760;201;105;84;DALSH-BERAN;x;
1761;163;105;84;BLOODHOOF;x;
1762;163;62;114;WATERHOOF;x;
1763;114;161;126;SHAIBI;x;
1764;171;197;66;COCHETA;x;
1765;156;45;60;ORENDA;x;
1766;73;45;60;WINDFURY;x;
1767;126;45;60;SUNGRAZE;x;
1768;163;108;135;GRASSMOUNT;x;
1769;162;109;174;HOT SPRINGS;x;
1770;163;108;84;REDROCK;x;
1771;111;51;21;GREATWOOD;x;
1772;111;96;21;MALAKA'JIN;x;
1773;191;131;21;APARAJE;x;
1774;111;107;21;RUGGOK;x;
1775;60;96;21;BOULDERSLIDE;x;
1776;69;51;114;FARVIEW;x;
1777;69;210;124;WEBWINDER;x;
1778;69;141;66;SISHIR;x;
1779;69;73;94;SUN ROCK;x;
1780;133;0;212;NOKOMIS;x;
1781;120;141;66;ELDRE'THAR;x;
1782;21;73;94;FALLOWMERE;x;
1783;94;214;139;WINDSHEAR;x;
1784;53;120;78;TALONDEEP;x;
1785;94;214;21;TEWOM;x;
1786;216;234;21;CRAGPOOL;x;
1787;66;43;94;STONETALON;x;
1788;66;43;15;TALON DEN;x;
1789;139;131;94;ARCULLA;x;
1790;69;131;94;MIRKFALLON;x;
1791;139;43;94;CLIFFWALKER;x;
1792;124;0;15;THAL'DARAH;x;
1793;227;0;212;THAL GROVE;x;
1794;227;0;156;FARWATCH;x;
1795;227;0;28;PONISUK;x;
1796;124;120;15;LESTURROM;x;
1797;58;79;135;THERAMORE;x;
1798;58;79;111;ALCAZ;x;
1799;58;79;201;DREADMURK;x;
1800;58;114;111;SENTRY POINT;x;
1801;126;114;111;SWAMPLIGHT;x;
1802;71;150;111;WITCH HILL;x;
1803;115;111;180;BLACKHOOF;x;
1804;163;111;180;BLUEFEN;x;
1805;111;156;180;IPUSPA;x;
1806;161;156;180;BRACKENWALL;x;
1807;71;69;111;SHADOWHOOF;x;
1808;144;120;45;QUAGMIRE;x;
1809;77;120;45;DIREHORN;x;
1810;77;120;180;SHADY REST;x;
1811;77;120;90;LOST POINT;x;
1812;77;69;45;BEEZIL;x;
1813;235;126;30;DHAGHLODAHR;x;
1814;131;69;45;FERSODRA;x;
1815;77;47;64;WYRMBOG;x;
1816;77;86;86;MUDSPROCKET;x;
1817;77;210;120;ZERTIXIA;x;
1818;77;122;45;DRAGONMURK;x;
1819;103;161;0;ASTRANAAR;x;
1820;64;32;88;MAESTRA;x;
1821;255;194;0;THISTLEFUR;x;
1822;212;161;0;IRIS VALLEY;x;
1823;84;116;199;STARDUST;x;
1824;139;116;199;NIGHTTALON;x;
1825;122;32;0;FIRE SCAR;x;
1826;122;194;0;AESSINA;x;
1827;139;174;199;SILVERWIND;x;
1828;19;120;90;GREENPAW;x;
1829;212;71;141;EALNOW;x;
1830;86;45;90;BLOODTOOTH;x;
1831;71;120;90;RAYNEWOOD;x;
1832;139;174;90;MOONVALLEY;x;
1833;11;120;53;HOWLING VALE;x;
1834;11;120;120;HIGHROAD;x;
1835;40;109;62;BLOODFEN;x;
1836;154;43;86;SHADY NOOK;x;
1837;133;120;90;XAVIAN;x;
1838;133;45;90;NIGHT RUN;x;
1839;133;178;90;SATYRNAAR;x;
1840;133;86;90;SILVERWING;x;
1841;167;74;90;FALFARREN;x;
1842;133;156;90;DOR'DANIL;x;
1843;62;86;90;SPLINTERTREE;x;
1844;28;94;90;GREEN HILL;x;
1845;28;178;90;NIGHTSONG;x;
1846;47;159;152;NIGHT CANYON;x;
1847;28;178;135;ASHENGARD;x;
1848;133;120;169;FOREST SONG;x;
1849;133;120;210;BOUGH SHADOW;x;
1850;64;167;139;ORDIL'ARAN;x;
1851;64;114;88;FALATHIM;x;
1852;64;103;139;BATHRAN;x;
1853;159;103;139;ZORAM;x;
1854;159;186;139;BLACKFATHOM;x;
1855;216;178;99;SHADOWSONG;x;
1856;227;105;69;HALDARR;x;
1857;216;135;99;HYRVO;x;
1858;216;92;66;XONUL'ZIS;x;
1859;227;105;126;ATEL'ANOR;x;
1860;197;167;115;WOODSCREAM;x;
1861;167;30;21;ZIN-MALOR;x;
1862;167;84;21;ELDARATH;x;
1863;167;160;135;SOUTHRIDGE;x;
1864;219;209;177;BJORRMR;x;
1865;219;209;75;STORM ISLES;x;
1866;219;209;178;HETAERA;x;
1867;167;56;122;BLACKMAW;x;
1868;167;56;26;GOROKIE;x;
1869;148;105;69;VALORMOK;x;
1870;167;101;122;URSOLAN;x;
1871;167;101;58;NENDIS;x;
1872;167;77;47;LEGASH;x;
1873;206;64;21;NORDRESSA;x;
1874;167;15;58;SABLE RIDGE;x;
1875;148;105;195;ARKKORAN;x;
1876;148;159;96;ELDARA;x;
1877;227;105;195;JAGGED REEF;x;
1878;167;77;34;RAVENCREST;x;
1879;167;77;66;JOZAES;x;
1880;167;45;66;XEM'RIR;x;
1881;167;96;66;GRIM ULANG;x;
1882;81;15;58;BILGETRADE;x;
1883;135;60;105;AUBERDINE;x;
1884;124;103;105;LONG WASH;x;
1885;71;103;105;DARKSHORE;x;
1886;139;108;84;BASHAL'ARAN;x;
1887;47;108;84;LOR'DANEL;x;
1888;139;108;189;MIST'S EDGE;x;
1889;47;225;146;MATHYSTRA;x;
1890;47;108;146;CLIFFSPRING;x;
1891;135;225;146;FATHOM BAY;x;
1892;47;137;146;SHATTERSPEAR;x;
1893;31;90;96;MUGJAMBA;x;
1894;62;62;105;AMETH'ARAN;x;
1895;124;62;105;PHULLILA;x;
1896;124;84;105;THETHIRU;x;
1897;0;118;105;FAESERA;x;
1898;0;84;163;NEVEDRE;x;
1899;0;84;105;TASSIK;x;
1900;94;58;66;MORLOS'ARAN;x;
1901;94;116;66;DEADWOOD;x;
1902;41;58;66;ENLE;x;
1903;116;94;0;EMER'ARAN;x;
1904;116;94;69;CONSTELLAS;x;
1905;116;94;120;JAEDENAR;x;
1906;58;94;120;BLOODPOST;x;
1907;171;163;120;KEVAEN;x;
1908;146;201;178;IRONTREE;x;
1909;199;82;138;JADEFIRE;x;
1910;124;51;86;WHISPERWIND;x;
1911;0;141;86;GREEN VALE;x;
1912;150;114;77;TIMBERMAW;x;
1913;100;137;121;TALONBRANCH;x;
1914;150;191;77;MOONPAW;x;
1915;84;107;178;URSAMAW;x;
1916;75;191;176;NIGHTHAVEN;x;
1917;150;191;176;REMULOS;x;
1918;105;101;142;DULVARINN;x;
1919;16;101;142;STORMRAGE;x;
1920;150;191;116;CENARIUS;x;
1921;107;133;146;NORDRASSIL;x;
1922;210;133;146;JANYSTAEA;x;
1923;210;197;146;NORD'LAZAR;x;
1924;111;197;77;LAR'DONIR;x;
1925;111;197;146;SEHYAETH;x;
1926;111;137;146;SITHENN;x;
1927;111;84;146;SILDINAS;x;
1928;66;124;146;THENDYVIS;x;
1929;66;84;146;JILLAEI;x;
1930;90;169;146;AVIANA;x;
1931;111;129;146;ILLYSA;x;
1932;78;129;146;WUMAEI;x;
1933;111;129;81;CITIL;x;
1934;150;103;49;MALORNE;x;
1935;180;152;118;REGROWTH;x;
1936;137;152;118;NORDUNE;x;
1937;99;163;49;KALDORAN;x;
1938;186;163;49;KETEDIN;x;
1939;150;163;49;ASHENPLAIN;x;
1940;118;103;49;JAMBA;x;
1941;99;163;163;THIMIL;x;
1942;54;120;66;ARICANNA;x;
1943;54;26;135;STONEVALLEY;x;
1944;54;178;120;UNGAVA;x;
1945;54;62;135;HALLIIM;x;
1946;54;133;120;SOTHANN;x;
1947;99;148;182;TIMBERPOOF;x;
1948;150;148;182;FORBOHI;x;
1949;99;124;182;TIMBERLAIR;x;
1950;96;148;182;KEL'THERIL;x;
1951;96;105;182;SNOW'DARIL;x;
1952;96;186;182;STARFALL;x;
1953;96;186;120;NAE'DANAR;x;
1954;171;156;156;SNOWFANG;x;
1955;171;111;156;HUTHENRA;x;
1956;21;86;94;WINTERFALL;x;
1957;71;156;156;CADRELLAEN;x;
1958;96;186;223;FROSTSABER;x;
1959;96;156;223;MIEREKE;x;
1960;96;124;223;DUNBUR;x;
1961;96;146;206;MAZTHORIL;x;
1962;96;238;163;EVERLOOK;x;
1963;96;79;206;ISITANN;x;
1964;171;229;199;DUN MANDARR;x;
1965;171;126;135;OWLWING;x;
1966;54;126;135;FROSTWHISPER;x;
1967;200;227;111;BWON'ALOR;x;
1968;200;227;163;SHADRA'DAR;x;
1969;99;96;49;UGANGA;x;
1970;124;141;69;SHADOW ROCK;x;
1971;124;141;101;IK'NAL;x;
1972;34;141;60;LENALLI;x;
1973;90;141;146;DARNASSUS;x;
1974;90;90;116;DOLANAAR;x;
1975;90;141;116;STARBREEZE;x;
1976;90;141;60;SHADOWGLEN;x;
1977;148;99;94;VALAAR;x;
1978;148;58;139;BRISTLELIMB;x;
1979;171;92;139;MOONGRAZE;x;
1980;148;45;94;EMBERGLADE;x;
1981;171;133;139;AMMEN VALE;x;
1982;148;58;94;SILVERMYST;x;
1983;148;45;41;WRATHSCALE;x;
1984;107;133;169;RAGEFEATHER;x;
1985;167;19;64;MYSTWOOD;x;
1986;107;84;111;AXXARIEN;x;
1987;107;62;169;BLADEWOOD;x;
1988;81;19;64;AMBERWEB;x;
1989;107;191;64;WYRMSCAR;x;
1990;34;84;111;BLOODCURSE;x;
1991;116;159;159;QIRAJI PEAKS;x;
1992;28;1;2;FERALAS MOUNTAIN;x;
1993;64;2;3;SAND PEAK;x;
1994;51;27;18;THOUSAND NEEDLES;x;
1995;75;39;0;FERALAS MOUNTAIN;x;
1996;36;11;0;MARAUDON HILLS;x;
1997;124;49;15;STONETALON MOUNTAINS;x;
1998;13;21;97;GREEN RIDGE;x;
1999;148;62;60;RED RIDGE;x;
2000;146;51;58;RED RIDGE;x;
2001;88;63;77;HYJAL;x;
2002;81;24;77;HYJAL;x;
2003;81;81;77;HYJAL;x;
2004;34;81;77;HYJAL;x;
2005;36;63;137;HYJAL;x;
2006;139;63;77;HYJAL;x;
2007;54;38;36;HYJAL;x;
2008;57;70;77;HYJAL;x;
2009;36;63;77;HYJAL;x;
2010;99;53;141;VIR'NAAL RIVER;x;
2011;49;111;141;VIR'NAAL LAKE;x;
2012;99;34;231;VIR'NAAL DELTA;x;
2013;177;212;212;VIR'SAR LAKE;x;
2014;69;111;141;LAKE;x;
2015;118;111;141;LAKE;x;
2016;64;61;77;LAKE;x;
2017;177;167;212;LAKE;x;
2018;128;122;154;MARSH;x;
2019;53;51;64;OIL LAKES;x;
2020;114;51;64;LAKE;x;
2021;83;152;135;LAKE;x;
2022;62;177;223;LAKE DUMONT;x;
2023;43;122;154;JADEMIR LAKE;x;
2024;255;156;255;STONEBULL LAKE;x;
2025;96;255;255;LAKE;x;
2026;163;255;255;LAKE;x;
2027;28;171;255;LAKE;x;
2028;73;114;156;LAKE;x;
2029;13;60;156;LAKE;x;
2030;43;73;154;LAKE;x;
2031;11;73;154;LAKE;x;
2032;144;73;154;LAKE;x;
2033;28;180;154;LAKE;x;
2034;253;248;241;MIRKFALLON LAKE;x;
2035;216;234;199;CRAGPOOL LAKE;x;
2036;52;153;163;ASTRANAAR LAKE;x;
2037;146;144;238;STARDUST LAKE;x;
2038;66;191;204;MYSTRAL LAKE;x;
2039;66;32;204;FALFARREN LAKE;x;
2040;66;103;204;FALLEN SKY LAKE;x;
2041;66;204;204;LAKE;x;
2042;66;204;234;LAKE;x;
2043;146;144;165;LAKE;x;
2044;66;62;234;LAKE MENNAR;x;
2045;178;144;238;LAKE;x;
2046;124;144;238;WILDBEND LAKE;x;
2047;47;144;238;WILDBEND LAKE;x;
2048;178;189;238;LAKE;x;
2049;60;181;208;LAKE;x;
2050;156;181;208;LAKE;x;
2051;234;181;208;LAKE ELUNE'ARA;x;
2052;236;109;163;WELL OF ETERNITY;x;
2053;120;109;163;LAKE EDUNEL;x;
2054;79;109;163;ASHEN LAKE;x;
2055;158;204;204;LAKE;x;
2056;79;227;163;DARK'SOTRA LAKE;x;
2057;70;47;163;LAKE;x;
2058;73;54;176;LAKE;x;
2059;73;86;176;LAKE;x;
2060;73;86;94;LAKE;x;
2061;73;86;141;LAKE;x;
2062;39;108;201;MARSH;x;
2063;124;108;201;LAKE;x;
2064;130;177;201;MARSH;x;
2065;130;177;126;MARSH;x;
2066;130;93;126;MARSH;x;
2067;62;93;126;MARSH;x;
2068;62;61;126;MARSH;x;
2069;39;108;125;MERCHANT BAY;x;
2070;39;78;125;SOUTHFURY RIVER;x;
2071;40;120;125;SOUTHFURY RIVER;x;
2072;69;169;125;SOUTHFURY RIVER;x;
2073;40;116;125;SOUTHFURY RIVER;x;
2074;40;116;68;SOUTHFURY RIVER;x;
2075;40;116;195;SOUTHFURY RIVER;x;
2076;40;187;195;SOUTHFURY RIVER;x;
2077;111;167;21;UN'GORO;x;
2078;21;77;116;NORTH SEA;x;
2079;116;77;116;NORTH SEA;x;
2080;21;144;178;NORTH SEA;x;
2081;21;118;137;NORTH SEA;x;
2082;144;114;178;NORTH SEA;x;
2083;56;169;227;ANCIENTS BAY;x;
2084;56;169;169;ANCIENTS BAY;x;
2085;56;107;169;ANCIENTS BAY;x;
2086;81;223;197;FROZEN SEA;x;
2087;148;184;101;FROZEN SEA;x;
2088;255;122;120;FROZEN SEA;x;
2089;32;184;101;FROZEN SEA;x;
2090;206;223;197;FROZEN SEA;x;
2091;56;103;77;FROZEN SEA;x;
2092;92;137;148;FROZEN SEA;x;
2093;92;137;81;FROZEN SEA;x;
2094;92;137;214;FROZEN SEA;x;
2095;206;159;156;FROZEN SEA;x;
2096;91;111;118;FROZEN SEA;x;
2097;135;159;156;FROZEN SEA;x;
2098;135;101;156;FROZEN SEA;x;
2099;58;84;118;NORTH SEA;x;
2100;58;180;156;FROZEN SEA;x;
2101;58;84;206;NORTH SEA;x;
2102;58;120;156;NORTH SEA;x;
2103;58;120;101;NORTH SEA;x;
2104;214;133;103;GREAT SEA;x;
2105;214;77;169;GREAT SEA;x;
2106;214;154;81;GREAT SEA;x;
2107;135;81;81;GREAT SEA;x;
2108;92;81;81;GREAT SEA;x;
2109;135;154;81;GREAT SEA;x;
2110;214;77;81;GREAT SEA;x;
2111;91;66;118;GREAT SEA;x;
2112;68;104;186;GREAT SEA;x;
2113;43;66;118;GREAT SEA;x;
2114;41;132;236;GREAT SEA;x;
2115;58;45;101;GREAT SEA;x;
2116;75;96;133;GREAT SEA;x;
2117;75;195;229;GREAT SEA;x;
2118;75;234;229;GREAT SEA;x;
2119;41;182;109;GREAT SEA;x;
2120;58;161;206;GREAT SEA;x;
2121;41;182;236;GREAT SEA;x;
2122;96;81;120;BAY OF STORMS;x;
2123;96;107;163;CORAL SEA;x;
2124;96;43;120;CORAL SEA;x;
2125;96;81;171;CORAL SEA;x;
2126;201;146;135;GREAT SEA;x;
2127;62;107;189;GREAT SEA;x;
2128;62;107;131;GREAT SEA;x;
2129;118;146;189;GREAT SEA;x;
2130;91;156;191;GREAT SEA;x;
2131;91;111;191;GREAT SEA;x;
2132;165;103;118;DEADEYE SHORE;x;
2133;96;122;171;BLADEFIST BAY;x;
2134;91;195;141;GERUZH;x;
2135;91;101;141;MERCHANT SEA;x;
2136;91;101;69;DREADMURK SEA;x;
2137;91;195;221;DREADMURK SEA;x;
2138;91;101;156;DREADMURK SEA;x;
2139;91;191;161;DUSTWALLOW BAY;x;
2140;91;144;161;TIDEFURY COVE;x;
2141;165;191;118;SOUTH SEA;x;
2142;41;130;171;SOUTH SEA;x;
2143;41;130;105;SOUTH SEA;x;
2144;116;130;105;SOUTH SEA;x;
2145;36;135;152;SOUTH SEA;x;
2146;116;130;191;SOUTH SEA;x;
2147;115;80;190;SOUTH SEA;x;
2148;115;80;118;SOUTH SEA;x;
2149;115;135;152;SOUTH SEA;x;
2150;36;92;152;VEILED SEA;x;
2151;36;60;152;VEILED SEA;x;
2152;36;133;152;VEILED SEA;x;
2153;36;73;81;VEILED SEA;x;
2154;111;73;81;VEILED SEA;x;
2155;191;125;139;VEILED SEA;x;
2156;231;151;169;VEILED SEA;x;
2157;180;151;169;VEILED SEA;x;
2158;180;184;169;VEILED SEA;x;
2159;141;184;169;VEILED SEA;x;
2160;141;129;169;VEILED SEA;x;
2161;32;43;120;VEILED SEA;x;
2162;150;43;120;LONG WASH;x;
2163;150;114;120;LONG WASH;x;
2164;150;169;178;LONG WASH;x;
2165;150;169;118;LONG WASH;x;
2166;150;120;118;LONG WASH;x;
2167;75;120;118;LONG WASH;x;
2168;75;195;118;GREAT SEA;x;
2169;75;195;167;GREAT SEA;x;
2170;64;47;118;VEILED SEA;x;
2171;64;135;118;VEILED SEA;x;
2172;75;141;229;VEILED SEA;x;
2173;75;96;229;VEILED SEA;x;
2174;141;135;182;VEILED SEA;x;
2175;141;135;36;VEILED SEA;x;
2176;141;135;118;VEILED SEA;x;
2177;75;96;114;VEILED SEA;x;
2178;75;96;182;VEILED SEA;x;
2179;36;216;30;BORALUS;x;
2180;75;135;182;VEILED SEA;x;
2181;178;135;182;VEILED SEA;x;
2182;95;135;140;VEILED SEA;x;
2183;184;114;58;HATHERFORD;x;
2184;144;156;58;NORWINGTON;x;
2185;184;152;58;ANGLEPOINT;x;
2186;94;96;58;BRIDGEPORT;x;
2187;94;96;118;KENNINGS HILLS;x;
2188;114;116;118;VIGIL ISLE;x;
2189;169;27;70;FREEHOLD;x;
2190;94;156;118;FIZZSPRINGS;x;
2191;184;103;126;CORLAIN;x;
2192;86;141;126;CRIMSON FOREST;x;
2193;86;43;126;AROM;x;
2194;86;103;126;GOL OSIGR;x;
2195;124;146;137;GOL KOVAL;x;
2196;184;129;118;FALLHAVEN;x;
2197;184;90;39;BARBTHORN;x;
2198;184;216;201;FLETCHER;x;
2199;31;169;129;BRENNADAM;x;
2200;191;212;64;MARINER;x;
2201;116;169;129;SAGEHOLD;x;
2202;116;101;129;STORM ISLE;x;
2203;31;216;129;MILDENHALL;x;
2204;178;135;64;BRIABACK;x;
2205;54;212;64;TIDEBREAK;x;
2206;116;169;64;DROWNED LANDS;x;
2207;31;231;129;SEABREEZE;x;
2208;86;126;58;ZUL'DARE;x;
2209;184;51;58;FATE'S END;x;
2210;120;111;208;TOL BARAD;x;
2211;206;60;107;TOL BARAD PENINSULA;x;
2212;120;111;90;CRESTFALL;x;
2213;120;54;90;TOL RONAL;x;
2214;225;216;58;TOL DAGOR;x;
2215;176;71;81;FROSTSABRE;x;
2216;176;216;195;HAVENSWOOD;x;
2217;71;178;216;BALOR;x;
2218;176;116;81;DARKMOON ISLAND;x;
2219;86;139;66;YAMBAMOO;x;
2220;86;58;66;GIKLETOO;x;
2221;120;58;126;JIN'KALAK;x;
2222;189;58;66;NORTHPOINT;x;
2223;120;58;66;SWALE;x;
2224;120;109;126;ROARING WILDS;x;
2225;86;139;148;POLDER CRAG;x;
2226;208;139;148;BASILISK ISLANDS;x;
2227;133;69;66;LAPIDIS ISLAND;x;
2228;197;212;199;GILLIJIM;x;
2229;133;141;66;UN'GOL;x;
2230;77;141;66;KUNZA-KUNZA;x;
2231;77;84;66;WHISPERING REEF;x;
2232;111;0;0;DAZAR'ALOR;x;
2233;111;86;51;ZANCHUL;x;
2234;146;165;71;TAL'GURUB;x;
2235;146;118;71;REZAN;x;
2236;71;206;109;KRAAL;x;
2237;146;96;71;PIN'UKUE;x;
2238;96;96;71;ZEB'AHARI;x;
2239;54;96;71;ATAL'GRAL;x;
2240;199;90;118;DREADPEARL;x;
2241;199;41;34;TUSK ISLE;x;
2242;165;79;34;FANG ISLE;x;
2243;75;126;51;ATAL'DAZAR;x;
2244;101;49;51;SISGONE;x;
2245;39;92;51;RASTARI;x;
2246;75;193;114;XIBALA;x;
2247;169;129;114;BONANZA;x;
2248;75;86;51;TRAHUMUT;x;
2249;141;39;62;MUGAMBA;x;
2250;90;94;92;ZUL'NAZMAN;x;
2251;79;88;86;NAZWATHA;x;
2252;67;118;115;NATHA'VOR;x;
2253;79;51;86;FROGMARSH;x;
2254;137;118;115;TORGA;x;
2255;47;92;39;NECROPOLIS;x;
2256;111;92;39;ZUL'JAN;x;
2257;54;56;39;KEL'VAX;x;
2258;111;56;39;SHOALJAI;x;
2259;111;146;39;TOJEK;x;
2260;109;69;92;SETHRALISS;x;
2261;199;172;161;VUZALE;x;
2262;167;144;94;BONE PIT;x;
2263;161;103;92;DARKWOOD;x;
2264;129;86;60;VOLDUNAI;x;
2265;111;96;94;SHATTERSTONE;x;
2266;221;190;92;ATUL'AMAN;x;
2267;135;190;92;WHISTLEBLOOM;x;
2268;229;159;92;ZEM'LAN;x;
2269;208;99;92;ZUL'AHJIN;x;
2270;208;156;43;SUSGU;x;
2271;208;86;43;BIW'ANAE;x;
2272;167;126;94;SLISETRISS;x;
2273;221;190;124;SCALEFANG;x;
2274;167;96;94;BONETRAIL;x;
2275;88;75;73;THOK;x;
2276;154;75;0;RORKAEN;x;
2277;154;75;73;GELTOZAN;x;
2278;77;146;118;TURTLE ROCK;x;
2279;81;46;8;OMINOUS ISLAND;x;
2280;133;114;124;VERDANT WILDS;x;
2281;79;32;19;DARKSPEAR;x;
2282;180;73;44;SHEN'DO;x;
2283;135;39;124;PARADISE ISLANDS;x;
2284;111;122;111;ROTTING MIRE;x;
2285;74;126;184;BAY OF KINGS;x;
2286;84;86;208;SOUTH SEA;x;
2287;117;121;152;SOUTH SEA;x;
2288;69;121;152;SOUTH SEA;x;
2289;30;128;161;SOUTH SEA;x;
2290;120;221;204;BLOOD COAST;x;
2291;74;126;139;KINGSMOUTH RIVER;x;
2292;129;189;223;SHATTERED RIVER;x;
2293;74;126;223;SHATTERED RIVER;x;
2294;120;126;204;SHATTERED RIVER;x;
2295;41;126;139;LAKE;x;
2296;76;156;120;LAKE;x;
2297;69;126;159;LAKE;x;
2298;148;107;105;MOLTEN CAY;x;
2299;255;255;255;MARE INCOGNITA;x;
2300;0;0;0;IMPASIBLE MOUNTAINS;x;
2301;139;60;103;QINTOKU;x;
2302;80;58;136;SACRO;x;
2303;72;84;132;NANKE;x;
2304;145;63;139;DARETKE;x;
2305;54;99;131;FLORTHAR;x;
2306;92;90;145;VISHENGVU;x;
2307;29;60;122;FRENNASSO;x;
2308;40;73;126;HENNO;x;
2309;69;109;127;IVRO;x;
2310;62;145;123;RELGORILD;x;
2311;144;55;90;OSSASHONN;x;
2312;102;60;128;GRANTUTELD;x;
2313;41;70;119;KOTJANN;x;
2314;41;72;126;KRIRTHAENN;x;
2315;70;111;157;MONNYSHI;x;
2316;67;43;118;GRELYRU;x;
2317;117;82;155;USGE;x;
2318;107;45;185;FITONGRAEL;x;
2319;58;63;137;OTTUVIS;x;
2320;103;100;219;ZOTTUVE;x;
2321;44;42;136;MIZECTI;x;
2322;102;72;176;TINAZTA;x;
2323;37;73;119;TUNEKRU;x;
2324;182;67;171;ZUVARU;x;
2325;73;53;153;NUCA;x;
2326;122;51;156;MERRA;x;
2327;76;59;108;MAZKA;x;
2328;123;198;63;MALTOKIS;x;
2329;156;181;136;BERDESS;x;
2330;79;122;62;KYSEK;x;
2331;50;137;62;NISS'EKOLL;x;
2332;138;206;148;RIRDANN;x;
2333;60;181;77;BAKHASHASS;x;
2334;94;145;25;TARDROK;x;
2335;86;122;57;DIMNEREL;x;
2336;64;113;43;DYTRIKIL;x;
2337;97;144;103;KLESENN;x;
2338;43;214;67;KATHIRAK;x;
2339;94;124;54;TELTON;x;
2340;146;201;148;KLEZIKKIN;x;
2341;78;103;58;GLOVOLMILL;x;
2342;137;194;61;SLILISER;x;
2343;51;149;56;TEZES'SOL;x;
2344;83;151;34;HYLTRELIR;x;
2345;60;136;57;SELNINN;x;
2346;42;67;22;KARSETEN;x;
2347;153;168;133;KESSOCAN;x;
2348;145;190;125;HYMMALEC;x;
2349;77;124;61;DIRTAKOL;x;
2350;74;91;52;VASSAS;x;
2351;73;95;56;RILNEC;x;
2352;67;114;65;ZYRDRICEL;x;
2353;79;98;60;DIAKREL;x;
2354;85;211;30;GLEMNATES;x;
2355;63;141;29;VELDRANN;x;
2356;46;213;39;DERNANN;x;
2357;86;192;81;ZELIKRIC;x;
2358;121;177;64;VERISAC;x;
2359;65;81;63;SYLIS;x;
2360;71;168;32;GLIRSOR;x;
2361;139;185;135;MERDAS;x;
2362;38;118;15;KLAKIRDINN;x;
2363;44;65;38;RARDEZAN;x;
2364;171;211;20;KLOLIRNISS;x;
2365;83;231;22;HOSS'ANN;x;
2366;60;166;51;NALDRAR;x;
2367;159;198;127;KARDEKES;x;
2368;13;85;23;SLOMMESS;x;
2369;116;203;109;KLYRESS;x;
2370;107;152;40;SIRALNIL;x;
2371;99;98;218;SMEATTEOLD;x;
2372;102;101;137;KINFORD;x;
2373;31;30;131;BANSALE;x;
2374;63;102;178;DOETINLEM;x;
2375;48;74;124;SCHAFFDON;x;
2376;76;119;184;ROSGAL;x;
2377;30;87;174;BELSLOE;x;
2378;58;110;231;MONAWAY;x;
2379;120;103;189;FELLRODA;x;
2380;81;86;144;UTRIN;x;
2381;45;102;155;STRIDO;x;
2382;159;164;219;ORETON;x;
2383;96;73;174;SRONVALE;x;
2384;74;29;227;TREGATE;x;
2385;97;85;119;DIASSALL;x;
2386;28;13;79;LUHHAM;x;
2387;121;102;191;AFELEY;x;
2388;56;54;166;ANSPHIA;x;
2389;161;141;228;UWRUCASTER;x;
2390;53;33;121;MESTEAD;x;
2391;75;36;203;JEBERT;x;
2392;144;125;194;CHAGAS;x;
2393;47;63;102;NUNARD;x;
2394;115;130;166;PHERY;x;
2395;46;80;161;CHAND;x;
2396;149;222;156;ALTHAM;x;
2397;75;161;83;CYBIL;x;
2398;116;170;61;ADLAM;x;
2399;131;215;45;PEYTON;x;
2400;141;182;143;TYNDAL;x;
2401;221;230;150;GARTSIDE;x;
2402;216;232;78;DENHOLM;x;
2403;225;237;143;ATHERTON;x;
2404;153;216;217;LUXFORD;x;
2405;35;164;166;NANE;x;
2406;221;203;99;ADDINGTON;x;
2407;185;176;124;GLADSTONE;x;
2408;105;173;69;BENTHAM;x;
2409;119;155;101;NEWBURY;x;
2410;94;194;198;SPALDING;x;
2411;68;137;143;HAYDEN;x;
2412;115;168;194;ADALBERO;x;
2413;180;191;197;DEVEREL;x;
2414;185;166;125;DIONTE;x;
2415;189;133;16;TWYNAM;x;
2416;174;81;39;HELJIGG;x;
2417;242;169;136;BROKLOZ;x;
2418;210;149;97;ZECKLIFFF;x;
2419;132;166;86;ESTAUGH;x;
2420;78;163;88;ALVINGTON;x;
2421;156;96;124;VUCKLAR;x;
2422;226;167;194;BROGLI;x;
2423;229;55;111;VARGLAZZ;x;
2424;197;114;141;GRONTIFF;x;
2425;210;142;164;VAYGR;x;
2426;108;200;209;BANTI;x;
2427;167;210;214;ZIKLE;x;
2428;67;146;153;DRACTEKK;x;
2429;112;124;126;GAJAGG;x;
2430;210;73;127;RYLAN;x;
2431;174;80;117;REKS;x;
2432;231;149;181;THORPEN;x;
2433;172;119;159;KOST;x;
2434;128;58;111;DAVENPORT;x;
2435;118;89;157;EASTOFT;x;
2436;165;143;194;PICKAR;x;
2437;148;128;211;LEIGH;x;
2438;88;64;160;GARTH;x;
2439;108;77;114;RAVENREST;x;
2440;168;135;174;REID;x;
2441;120;38;136;ARC;x;
2442;107;106;211;MOLLOR;x;
2443;186;98;188;EMMIT;x;
2444;141;47;67;VANYST;x;
2445;184;100;117;STANNIS;x;
2446;181;126;184;YASSAN;x;
2447;187;40;194;MENEVIA;x;
2448;146;107;193;BRALAND;x;
2449;124;56;209;ZREYLENS;x;
2450;106;83;185;CLUIHLING;x;
2451;64;11;128;YEUGAS;x;
2452;88;131;75;RANDEI;x;
2453;67;107;72;RUYO;x;
2454;34;181;54;ZHITEMOR;x;
2455;81;227;38;OWOZITH;x;
2456;71;110;60;MIENNE;x;
2457;84;196;83;BIJOMJI;x;
2458;61;87;61;HUTUR;x;
2459;22;98;26;HITHIER;x;
2460;47;231;56;KHAEJ'MI;x;
2461;130;190;133;XUDEANN;x;
2462;19;129;35;KHEHOR;x;
2463;63;185;43;IL'ZICI;x;
2464;73;112;66;NAL'KE;x;
2465;11;141;9;EYAHZER;x;
2466;104;165;94;XOLO;x;
2467;109;139;105;YANNE;x;
2468;26;131;74;ZE'ZO;x;
2469;44;135;63;ZUHSIAHO;x;
2470;119;219;9;ZHEL'KULUTH;x;
2471;37;147;70;DEVUNOH;x;
2472;66;108;79;AH'JO;x;
2473;103;206;47;RUSAR;x;
2474;78;111;60;ZACUL'DI;x;
2475;180;37;73;PESU;x;
2476;200;139;154;VURIE;x;
2477;82;54;66;DUL'KIA;x;
2478;151;26;80;RO'ZA;x;
2479;104;20;51;ZUHSEI;x;
2480;78;56;64;LUZ'JU;x;
2481;139;38;38;SOMJE;x;
2482;193;43;80;PUN'KONE;x;
2483;210;49;114;YUKOZ'JAN;x;
2484;65;14;35;PUKASU;x;
2485;99;72;63;EH'DE;x;
2486;149;62;33;NAHOH'JI;x;
2487;219;108;71;ITAR;x;
2488;235;77;33;SEJE;x;
2489;122;28;48;UZA;x;
2490;180;54;82;ZHEJ'MO;x;
2491;203;89;114;ZEN'JU;x;
2492;145;27;59;HEAHDO;x;
2493;213;77;113;DAEKRU;x;
2494;165;67;88;UZ'KOSO;x;
2495;141;42;28;AL'MAHO;x;
2496;223;89;70;OLDE;x;
2497;78;32;24;AIHLO;x;
2498;102;81;77;JIHSO;x;
2499;77;94;70;PONNELO;x;
2500;38;102;39;TAXU;x;
2501;64;83;60;YOZ'KEA;x;
2502;59;104;30;UKRO;x;
2503;45;95;35;BAIMIHDI;x;
2504;69;85;63;UN'ZINN;x;
2505;21;82;28;KULU'TSI;x;
2506;24;120;20;ZHAH'DA;x;
2507;24;100;20;UZDO;x;
2508;81;107;80;GUN'ZASHO;x;
2509;72;96;76;BAEH'DO;x;
2510;28;75;22;YIZA;x;
2511;184;199;222;ZHELZU;x;
2512;196;196;233;POOBAH;x;
2513;203;193;219;TREKU;x;
2514;93;74;123;DRIH'SHON;x;
2515;201;182;119;IAZ'KO;x;
2516;57;76;104;PUHLAR;x;
2517;144;176;223;MENTEA;x;
2518;205;153;111;OTHU;x;
2519;94;173;100;KIACOZLATH;x;
2520;123;58;85;SEA'TSA;x;
2521;206;151;174;UWINN;x;
2522;176;178;127;OKAHZIA;x;
2523;130;131;107;YALME;x;
2524;86;78;65;DHAMGOLIR;x;
2525;227;162;55;GUGHDAHN;x;
2526;131;96;39;HEMRHIA;x;
2527;157;109;30;GEGHGALOR;x;
2528;238;188;105;BEN DORAHL;x;
2529;90;63;37;BEN LODAHR;x;
2530;172;104;37;KHIRNBORIM;x;
2531;218;152;42;THOGH MALDUHR;x;
2532;61;11;11;DURRUHM;x;
2533;74;54;54;HEMERUM;x;
2534;85;55;59;BEG MALDUR;x;
2535;104;27;36;HEMWAHR;x;
2536;92;37;45;MELBOLDAHR;x;
2537;83;16;26;VOR LODIHR;x;
2538;90;27;21;BHIGGRUM;x;
2539;65;42;40;THIGHRUGH;x;
2540;107;48;42;KOMDARUM;x;
2541;50;41;40;MORBORIMM;x;
2542;95;41;35;MOLARUHM;x;
2543;92;65;62;BORN LODIR;x;
2544;77;30;25;BUGGALOR;x;
2545;89;45;41;KHORNBUR;x;
2546;46;39;41;THERNYAHR;x;
2547;71;10;22;GUGHKIHM;x;
2548;78;36;44;KELGRON;x;
2549;57;39;43;BAGDAROM;x;
2550;65;53;49;KHERLODIHR;x;
2551;37;19;15;HINOLUHR;x;
2552;57;24;14;DURN BORIMM;x;
2553;95;36;20;DAR BOLDAR;x;
2554;45;33;24;VELTORHM;x;
2555;53;46;39;DULBIHR;x;
2556;83;59;37;KIR BADIHR;x;
2557;70;37;8;BHAGHBOLDIHR;x;
2558;65;17;41;NEGTUHRM;x;
2559;40;4;22;DORNGULOR;x;
2560;70;33;49;BHOGHUHM;x;
2561;53;11;28;GELWIHR;x;
2562;83;15;47;KENKALDUHR;x;
2563;91;36;50;BHERDORAHL;x;
2564;57;23;39;KUR KULDOHR;x;
2565;79;13;44;DENWOHRUM;x;
2566;57;13;11;DHIRDORUL;x;
2567;75;61;59;MAM DORUHL;x;
2568;112;94;90;DHURNBOLDIR;x;
2569;62;36;15;DIRN DARUM;x;
2570;107;82;54;HOLGULOR;x;
2571;65;28;46;DHANDURAHL;x;
2572;65;23;9;KAN DARAHL;x;
2573;49;41;38;DONELDUR;x;
2574;91;7;15;NOGHYARUHM;x;
2575;75;37;41;NILDARTH;x;
2576;59;41;20;NAL MOLDUHR;x;
2577;95;38;27;THIRN THARIM;x;
2578;91;73;70;BHON FARUHM;x;
2579;190;112;51;KHINFURUHM;x;
2580;141;97;63;BHUL LODIR;x;
2581;100;82;57;KHERTORUHM;x;
2582;219;145;50;MOGHFALDUR;x;
2583;188;138;74;VONRAM;x;
2584;148;119;81;KUNLODUR;x;
2585;219;188;77;KHAGDARIHM;x;
2586;135;113;38;KHUG WOHRUM;x;
2587;198;171;57;BHURN THURIM;x;
2588;155;137;64;VUG TODUHR;x;
2589;83;71;20;VARNAHM;x;
2590;107;93;36;GIG DARIM;x;
2591;188;165;115;GEGHGOLAR;x;
2592;160;123;44;GUL THURUM;x;
2593;112;85;67;DHUGH KOLDUHR;x;
2594;166;88;35;DHARNTODIR;x;
2595;203;139;57;HORNTURM;x;
2596;149;105;48;HURN FARUHM;x;
2597;169;97;41;NERGARI;x;
2598;233;191;70;THELBORAMM;x;
2599;184;148;44;VEG TODIR;x;
2600;118;149;81;DUG BOLDAHR;x;
2601;122;180;54;MER FURUHM;x;
2602;125;148;53;DEMLODAR;x;
2603;165;192;45;BELHEIM;x;
2604;141;206;54;THOL GARUHM;x;
2605;152;117;41;VEGH FURUHM;x;
2606;235;171;32;BUGHTODIR;x;
2607;148;95;35;KAN BOLDAR;x;
2608;223;146;60;THOGDARTH;x;
2609;163;134;87;MERN BADUHR;x;
2610;218;185;72;DHORNGARI;x;
2611;176;134;44;BERDARIHM;x;
2612;124;103;58;GELUHM;x;
2613;238;142;34;THAGH THORUM;x;
2614;182;106;39;KUMTURUM;x;
2615;157;109;66;KHINEDUHR;x;
2616;229;161;64;THERWOHRUM;x;
2617;189;148;90;HOM MALDUR;x;
2618;174;127;39;BEN TORUM;x;
2619;9;40;63;YARO;x;
2620;109;143;168;NONWONIH;x;
2621;46;58;73;MUHA;x;
2622;71;98;131;RA'KUR;x;
2623;14;57;89;KHONNIH'DEH;x;
2624;62;146;181;HAH'DE;x;
2625;48;176;230;UZ'KI;x;
2626;42;129;233;HINUDAEH;x;
2627;65;116;177;ZULDA;x;
2628;89;157;206;OH'DU;x;
2629;61;107;127;FUNZEWIN;x;
2630;25;65;82;YEH'MEINN;x;
2631;22;107;169;OCOONE;x;
2632;47;83;108;UNDONE;x;
2633;30;62;165;IL'DE;x;
2634;45;81;197;MALDA;x;
2635;98;109;144;UZ'JO;x;
2636;66;119;227;TEAH'ZAELIEH;x;
2637;36;98;103;KAITONJE;x;
2638;18;154;166;AIN'JA;x;
2639;11;81;87;MANWA;x;
2640;67;175;185;KHEZ'DEN;x;
2641;59;87;90;NUZA;x;
2642;61;115;120;KORIA;x;
2643;200;123;27;MIGHLODIHR;x;
2644;161;103;28;THUGH WOHRUM;x;
2645;237;153;48;KHEM DURAL;x;
2646;234;117;14;KHINBULDAR;x;
2647;238;199;83;BAGH DURAL;x;
2648;233;174;47;VORKAHM;x;
2649;211;190;128;BORN DURAHL;x;
2650;173;138;36;DHORWAHRUM;x;
2651;165;117;12;DOLDORUHL;x;
2652;231;90;43;LUTTLO;x;
2653;172;66;31;HOTKI;x;
2654;132;64;42;HUBLISLUN;x;
2655;233;119;42;THANKEEN;x;
2656;235;131;51;HYNKI;x;
2657;172;88;24;NULLE;x;
2658;205;37;110;ELLAS;x;
2659;168;30;90;IPUKU;x;
2660;51;113;222;ZONWAE;x;
2661;36;86;222;TIL'MI;x;
2662;44;95;186;XIN'TSE;x;
2663;44;78;139;KHUN'MIH;x;
2664;227;174;40;MUNBORIMM;x;
2665;211;137;30;DHILDURAHL;x;
2666;238;175;40;BOM LADUR;x;
2667;235;192;129;KHUMGARI;x;
2668;229;113;25;THEM THARIM;x;
2669;238;94;38;KHUN THARIM;x;
2670;177;60;21;NIGHDOR;x;
2671;206;82;59;MINFALDIR;x;
2672;178;106;92;DHOGHAHM;x;
2673;169;65;25;MAL BADUR;x;
2674;239;79;26;THANDARIHM;x;
2675;234;92;77;THAGHWOHRUM;x;
2676;235;155;150;HUGHALDUR;x;
2677;221;50;39;NOMKALDUHR;x;
2678;192;74;35;BHAGHGAN;x;
2679;135;38;35;BANNI;x;
2680;174;35;30;RINNA;x;
2681;48;57;115;JODUHR;x;
2682;107;116;178;UMDOGG;x;
2683;158;164;205;DUN ORGUG;x;
2684;134;114;152;MUR UNADRIK;x;
2685;195;176;211;NENGREN;x;
2686;164;106;214;TEYNGINN;x;
2687;60;48;164;THULDAK;x;
2688;141;133;211;ONLAMWEN;x;
2689;68;63;116;AINVU;x;
2690;113;110;139;JIRDOM;x;
2691;225;146;145;VONAS;x;
2692;194;66;64;KOLIST;x;
2693;160;132;132;RETHRAL;x;
2694;209;147;146;HERAXAN;x;
2695;215;185;147;RHEHAR;x;
2696;169;114;45;XYVEL;x;
2697;168;19;103;YTREK;x;
2698;203;145;178;GASTRA;x;
2699;115;110;221;TODYMGLI;x;
2700;25;18;165;NYSTOMDO;x;
2701;210;148;150;BRUMWANVA;x;
2702;157;24;85;AMNWU;x;
2703;192;126;156;IGNAHM;x;
2704;37;104;180;DUN RARMOTH;x;
2705;70;100;133;ERGUL;x;
2706;20;2;51;BRALDIR;x;
2707;52;29;92;MURDOM;x;
2708;153;120;209;UIGNOGS;x;
2709;172;157;197;DUN YLDON;x;
2710;237;152;167;UKRUM;x;
2711;169;43;65;TURMIMAL;x;
2712;102;55;64;RUOILATH;x;
2713;83;44;176;HJYRUM;x;
2714;131;116;165;ANDUNN;x;
2715;198;187;223;GUGRIN;x;
2716;157;129;221;JUGDAG;x;
2717;144;73;75;EMAMVIN;x;
2718;111;66;67;DUN JYSHIN;x;
2719;193;105;108;SORGAGS;x;
2720;159;21;26;KROUGNER;x;
2721;207;164;166;ORDEGOM;x;
2722;151;144;203;LAEHDUN;x;
2723;184;144;185;TWISS;x;
2724;126;32;128;TELDUND;x;
2725;176;68;169;RYGOS;x;
2726;211;132;207;JOLFAL;x;
2727;141;129;214;BENVU;x;
2728;61;54;104;GWEANGRU;x;
2729;167;107;100;THENNAGO;x;
2730;173;69;51;ROINMONN;x;
2731;216;167;188;YMNDOTH;x;
2732;128;58;99;DUN KRARRHARM;x;
2733;209;157;187;KAMANN;x;
2734;144;125;118;DRARTH;x;
2735;110;43;17;AHMOUG;x;
2736;193;128;102;KHIMAGRIHR;x;
2737;72;22;2;NETHESOSS;x;
2738;177;134;177;OGYHMI;x;
2739;132;8;132;DUN TUSHE;x;
2740;221;187;188;GWERRADH;x;
2741;184;124;128;ROGHVENVU;x;
2742;205;22;32;SANGRIVMON;x;
2743;174;151;193;GWAHGUND;x;
2744;63;14;107;BRAMVEYH;x;
2745;205;147;137;KYNMOU;x;
2746;229;85;61;DUN UTIS;x;
2747;170;125;118;MIVE;x;
2748;203;157;218;THUVIOSS;x;
2749;76;13;96;URGUARN;x;
2750;113;35;182;HJOLAHM;x;
2751;123;102;141;DUN ADAG;x;
2752;179;149;206;OLATH;x;
2753;43;11;71;UHDADOS;x;
2754;201;133;138;ENEKUGS;x;
2755;98;33;38;TWADALLOU;x;
2756;21;8;98;BOULFUR;x;
2757;163;116;123;DUN ARMEL;x;
2758;89;22;33;ODEND;x;
2759;143;132;108;UDRAGS;x;
2760;24;29;151;YLDAR;x;
2761;63;65;99;GIMDOK;x;
2762;200;201;231;HJERDIG;x;
2763;155;193;123;KAEVO;x;
2764;132;167;202;SYNGRE;x;
2765;37;98;159;AMMASTO;x;
2766;202;171;155;MEAMMESO;x;
2767;164;75;27;TWEASTOROS;x;
2768;233;140;91;DUN TWEN;x;
2769;189;189;153;BUMIURN;x;
2770;105;164;13;DORROMEN;x;
2771;59;85;19;KRERUGG;x;
2772;95;111;69;OGNERH;x;
2773;127;160;76;JUINGN;x;
2774;106;54;176;MAR OSSO;x;
2775;179;148;221;ESSUMR;x;
2776;71;23;136;URRGAKR;x;
2777;53;44;65;UKARMUR;x;
2778;177;159;137;KHAGAR;x;
2779;126;50;93;HIMIHM;x;
2780;119;147;170;GIGREN;x;
2781;194;201;207;OGDAS;x;
2782;198;171;157;BALDOUG;x;
2783;237;103;32;UNGAGREGG;x;
2784;138;184;182;KAHIGDAK;x;
2785;36;132;129;IDRURNUG;x;
2786;201;131;201;ERMEMN;x;
2787;223;181;223;KULFOL;x;
2788;185;70;185;HIRHRNOLIR;x;
2789;222;217;194;MEHGYNDE;x;
2790;168;150;60;EYMGLADESS;x;
2791;214;204;155;AHDESS;x;
2792;168;212;219;DYNVE;x;
2793;66;151;35;BRILEDIK;x;
2794;160;229;135;GRABDUN;x;
2795;75;233;19;BREISTEN;x;
2796;34;92;12;GWIHGARI;x;
2797;121;140;138;BRUHIR;x;
2798;159;223;217;MUSHAL;x;
2799;23;151;138;DUN NAEMME;x;
2800;3;70;63;UMIHR;x;
2801;206;91;109;EAGLEHORN;x;
2802;196;47;70;MADMEADOW;x;
2803;211;48;94;STEELWATCH;x;
2804;157;26;63;WESTBARROW;x;
2805;188;63;45;FARMORE;x;
2806;182;29;44;ATI;x;
2807;140;62;69;EDI;x;
2808;242;29;69;FROSTCAIRN;x;
2809;123;27;45;BAYSHIELD;x;
2810;163;28;58;VEJ'MU;x;
2811;118;27;47;YAEN'DE;x;
2812;170;73;95;XASZAEZ'DIR;x;
2813;223;57;94;TEGEA'DU;x;
2814;225;27;95;DAWNRUN;x;
2815;112;13;47;LASTWATER;x;
2816;213;21;87;BAYMIRE;x;
2817;164;41;83;SUMMERMOUTH;x;
2818;155;77;103;MAGEROCK;x;
2819;95;35;56;MILLBURN;x;
2820;237;40;40;BEARSUMMIT;x;
2821;173;41;41;DEMONSTRAND;x;
2822;126;52;52;KNIGHTHAVEN;x;
2823;242;57;132;HIGHBELL;x;
2824;163;55;98;WILDEMAW;x;
2825;210;44;101;MUTEHOLD;x;
2826;233;97;105;MAGEFALL;x;
2827;172;35;43;NIGHTRUN;x;
2828;213;21;33;GLOOMWATCH;x;
2829;205;48;19;FLAMEWATER;x;
2830;139;56;41;FAIRWATER;x;
2831;185;62;40;KILCLIFF;x;
2832;240;85;56;LIMEMOND;x;
2833;152;87;75;PONDYARD;x;
2834;242;26;26;SPRINGWATCH;x;
2835;201;36;36;DEADGULCH;x;
2836;124;48;38;GIH'JARE;x;
2837;243;42;13;MUSEHMA;x;
2838;244;77;46;PIL'MIA;x;
2839;110;188;105;BOH'MA;x;
2840;39;136;31;ZHEAWU;x;
2841;52;184;42;O'KE;x;
2842;243;28;21;MEKOJE;x;
2843;82;47;20;FAIRREACH;x;
2844;120;86;60;EBONBAND;x;
2845;152;84;22;EBONHILL;x;
2846;188;135;87;HOUNDRUN;x;
2847;86;39;21;RIMEWELL;x;
2848;133;80;56;MISTFORT;x;
2849;139;57;20;FLATHOLD;x;
2850;143;62;39;FLATGATE;x;
2851;108;40;22;HAZELHOLD;x;
2852;153;67;28;CASTLESHIRE;x;
2853;207;100;52;SHIMMERDALE;x;
2854;160;88;64;ROCKWICH;x;
2855;110;52;32;SWANVAULT;x;
2856;147;74;31;BOULDERBURN;x;
2857;103;51;39;CURSEWICH;x;
2858;89;62;57;PONDFAIR;x;
2859;127;103;76;STORMBREACH;x;
2860;81;57;31;FLAMEPOND;x;
2861;255;101;41;BLINDVIEW;x;
2862;156;58;20;WHITFALL;x;
2863;223;96;30;OLDBREACH;x;
2864;237;67;29;FROSTCOAST;x;
2865;194;66;36;SWANFELL;x;
2866;126;71;56;STEELROCK;x;
2867;211;119;94;LASTGROVE;x;
2868;201;66;28;SLEEKGRAVE;x;
2869;210;136;41;FAIRMOUNT;x;
2870;149;106;52;STORMBAY;x;
2871;230;133;96;LITTLESHIELD;x;
2872;180;83;46;GRAYHILL;x;
2873;209;64;8;SUNMOUNT;x;
2874;220;145;235;TINDARE;x;
2875;113;30;129;LEIGHTBRAD;x;
2876;188;151;175;RODELTON;x;
2877;168;97;143;MALVIN;x;
2878;71;67;64;MAGEGUARD;x;
2879;38;37;36;SUMMERFALL;x;
2880;106;95;87;SLYHORN;x;
2881;155;198;225;BRIDGEVIEW;x;
2882;122;137;147;DEEPLIGHT;x;
2883;91;137;160;ICEFORT;x;
2884;29;52;31;RANELDE;x;
2885;47;65;48;NOOTOZ'MIH;x;
2886;38;75;27;ZHIETINWOR;x;
2887;35;50;30;MEHSI;x;
2888;122;202;39;IZ'JOR;x;
2889;91;137;42;HOXA;x;
2890;139;147;64;KUZDENN;x;
2891;193;203;85;DOJOR;x;
2892;201;200;54;UZAENU;x;
2893;165;165;52;SUL'MEI;x;
2894;131;130;61;PUN'TSAKENN;x;
2895;149;203;67;VOCEILDE;x;
2896;109;144;55;EVULMENN;x;
2897;93;103;55;VANZEKA;x;
2898;133;153;57;PATHI;x;
2899;155;189;29;MAKULRAE;x;
2900;185;235;85;OHMURETH;x;
2901;135;180;48;ISE;x;
2902;104;225;68;GENJE;x;
2903;76;163;50;HUZERE;x;
2904;46;98;31;SAL'ME;x;
2905;77;124;34;XIJ'MAEN;x;
2906;115;184;53;RELDUNN;x;
2907;108;126;97;SIZMONN;x;
2908;139;169;119;IHEN'TSE;x;
2909;180;179;59;NON'DI;x;
2910;135;134;31;SINTA;x;
2911;165;186;100;SOCAZ'DINN;x;
2912;165;202;50;KHAL'ZE;x;
2913;147;192;45;VAZ'JONN;x;
2914;107;137;38;RENWISHO;x;
2915;180;202;79;PUJ'MU;x;
2916;126;166;73;VEEGEND;x;
2917;96;129;52;WRETOL;x;
2918;139;159;113;ZREFAST;x;
2919;70;89;46;CROLRIDGE;x;
2920;122;176;52;ZHITVINE;x;
2921;203;218;237;EARTHVIEW;x;
2922;160;182;207;CLIFFWOOD;x;
2923;137;178;227;FREYBOURNE;x;
2924;130;203;215;SNAKEWATCH;x;
2925;135;173;180;WHITWIND;x;
2926;140;155;157;MUTEMOUNT;x;
2927;175;238;246;SHROUDMIRE;x;
2928;199;230;227;HOUNDFORD;x;
2929;126;226;218;MOSSSCAR;x;
2930;150;176;173;DEWFIELD;x;
2931;179;233;227;MOSSVAULT;x;
2932;61;59;56;ROGUEWIND;x;
2933;95;91;86;LIGHTPASS;x;
2934;78;72;67;AMBERSHIELD;x;
2935;59;58;57;DRYWIND;x;
2936;62;57;52;DOGWIND;x;
2937;85;82;79;SWAMPHILL;x;
2938;74;64;53;DEMONPOND;x;
2939;159;192;201;CROWWHARF;x;
2940;110;146;155;SNAKEDALE;x;
2941;122;174;177;CROWMINSTER;x;
2942;175;186;186;MISTMOUTH;x;
2943;197;214;233;CLOUDMOUNT;x;
2944;150;184;221;FROSTSHELL;x;
2945;186;172;235;STONEMAW;x;
2946;134;127;163;SALTGULF;x;
2947;176;208;211;GLOOMGULF;x;
2948;73;94;98;WINDBOURNE;x;
2949;139;207;221;MUDSPELL;x;
2950;103;146;155;MUDBURGH;x;
